-- phpMyAdmin SQL Dump
-- version 5.2.1
-- https://www.phpmyadmin.net/
--
-- Host: 127.0.0.1
-- Generation Time: Aug 08, 2023 at 06:18 PM
-- Server version: 10.4.28-MariaDB
-- PHP Version: 8.2.4

SET SQL_MODE = "NO_AUTO_VALUE_ON_ZERO";
START TRANSACTION;
SET time_zone = "+00:00";


/*!40101 SET @OLD_CHARACTER_SET_CLIENT=@@CHARACTER_SET_CLIENT */;
/*!40101 SET @OLD_CHARACTER_SET_RESULTS=@@CHARACTER_SET_RESULTS */;
/*!40101 SET @OLD_COLLATION_CONNECTION=@@COLLATION_CONNECTION */;
/*!40101 SET NAMES utf8mb4 */;

--
-- Database: `mh`
--

DELIMITER $$
--
-- Functions
--
CREATE DEFINER=`root`@`localhost` FUNCTION `fn_mdate1` () RETURNS DATE  RETURN @mdate1$$

CREATE DEFINER=`root`@`localhost` FUNCTION `fn_mdate2` () RETURNS DATE  return @mdate2$$

DELIMITER ;

-- --------------------------------------------------------

--
-- Stand-in structure for view `allgstcatg_view`
-- (See below for the actual view)
--
CREATE TABLE `allgstcatg_view` (
`entname` varchar(14)
,`gsttype` char(3)
);

-- --------------------------------------------------------

--
-- Table structure for table `bills`
--

CREATE TABLE `bills` (
  `tc` char(3) NOT NULL DEFAULT '',
  `ser` char(5) NOT NULL DEFAULT '',
  `docno` char(8) NOT NULL DEFAULT '',
  `docdt` date NOT NULL DEFAULT '1900-01-01',
  `glc` char(8) NOT NULL DEFAULT '',
  `billno` char(20) NOT NULL DEFAULT '',
  `bbags` decimal(6,0) NOT NULL DEFAULT 0,
  `bqty` decimal(10,3) NOT NULL DEFAULT 0.000,
  `gln` char(80) NOT NULL DEFAULT '',
  `bilamt` decimal(12,2) NOT NULL DEFAULT 0.00,
  `trans` varchar(25) NOT NULL DEFAULT '',
  `trid` char(3) NOT NULL DEFAULT '',
  `grno` char(10) NOT NULL DEFAULT '',
  `sttype` char(3) NOT NULL DEFAULT '',
  `sdes` varchar(30) NOT NULL DEFAULT '',
  `amount1` decimal(11,2) NOT NULL DEFAULT 0.00,
  `amount` decimal(11,2) NOT NULL DEFAULT 0.00,
  `dis` decimal(10,2) NOT NULL DEFAULT 0.00,
  `sper` decimal(5,2) NOT NULL DEFAULT 0.00,
  `stax` decimal(10,2) NOT NULL DEFAULT 0.00,
  `misc` decimal(10,2) NOT NULL DEFAULT 0.00,
  `glc1` char(8) NOT NULL DEFAULT '',
  `gln1` varchar(80) NOT NULL DEFAULT '',
  `narr` varchar(30) NOT NULL DEFAULT '',
  `freight` decimal(10,2) NOT NULL DEFAULT 0.00,
  `weight` decimal(10,3) NOT NULL DEFAULT 0.000,
  `nugs` decimal(6,0) NOT NULL DEFAULT 0,
  `grdt` date NOT NULL DEFAULT '1900-01-01',
  `narr1` varchar(30) NOT NULL DEFAULT '',
  `per1` decimal(6,2) NOT NULL DEFAULT 0.00,
  `stype` char(1) NOT NULL DEFAULT '',
  `trkno` char(10) NOT NULL DEFAULT '',
  `cflg` char(1) NOT NULL DEFAULT '',
  `crate` decimal(7,2) NOT NULL DEFAULT 0.00,
  `crtype` char(10) NOT NULL DEFAULT '',
  `dis1` decimal(10,2) NOT NULL DEFAULT 0.00,
  `incyn` char(1) NOT NULL DEFAULT '',
  `mth` char(6) NOT NULL DEFAULT '',
  `cfrmno` char(15) NOT NULL DEFAULT '',
  `pidno` char(6) NOT NULL DEFAULT '',
  `vat` char(1) NOT NULL DEFAULT '',
  `term` char(40) NOT NULL DEFAULT '',
  `orddt` date NOT NULL DEFAULT '1900-01-01',
  `gpno` char(8) NOT NULL DEFAULT '',
  `per3` decimal(10,2) NOT NULL DEFAULT 0.00,
  `prate` decimal(8,2) NOT NULL DEFAULT 0.00,
  `pamt` decimal(10,2) NOT NULL DEFAULT 0.00,
  `exp1` decimal(10,2) NOT NULL DEFAULT 0.00,
  `exp2` decimal(10,2) NOT NULL DEFAULT 0.00,
  `exp3` decimal(10,2) NOT NULL DEFAULT 0.00,
  `exp4` decimal(10,2) NOT NULL DEFAULT 0.00,
  `sur` decimal(10,2) NOT NULL DEFAULT 0.00,
  `surper` decimal(6,2) NOT NULL DEFAULT 0.00,
  `per2` decimal(6,2) NOT NULL DEFAULT 0.00,
  `aflag` char(1) NOT NULL DEFAULT '',
  `thro` varchar(20) NOT NULL DEFAULT '',
  `disper` decimal(6,2) NOT NULL DEFAULT 0.00,
  `adttm` datetime NOT NULL DEFAULT '1900-01-01 00:00:00',
  `lotno` char(10) NOT NULL DEFAULT '',
  `dcode` char(5) NOT NULL DEFAULT '',
  `dname` varchar(40) NOT NULL DEFAULT '',
  `bdes1` varchar(40) NOT NULL DEFAULT '',
  `bdes2` varchar(40) NOT NULL DEFAULT '',
  `bdes3` varchar(40) NOT NULL DEFAULT '',
  `bdes4` varchar(40) NOT NULL DEFAULT '',
  `btrackno` int(11) NOT NULL DEFAULT 0,
  `trackno` int(11) NOT NULL,
  `glc2` char(8) NOT NULL DEFAULT '',
  `gln2` varchar(80) NOT NULL DEFAULT '',
  `aflag1` char(1) NOT NULL DEFAULT '',
  `bglc` char(8) NOT NULL DEFAULT '',
  `bgln` varchar(80) NOT NULL DEFAULT '',
  `chqamt` decimal(10,2) NOT NULL DEFAULT 0.00,
  `adjamt` decimal(10,2) NOT NULL DEFAULT 0.00,
  `rebate` decimal(10,2) NOT NULL DEFAULT 0.00,
  `actint` decimal(10,2) NOT NULL DEFAULT 0.00,
  `intrec` decimal(10,2) NOT NULL DEFAULT 0.00,
  `tds` decimal(10,2) NOT NULL DEFAULT 0.00,
  `diff` decimal(10,2) NOT NULL DEFAULT 0.00,
  `aflag2` char(1) NOT NULL DEFAULT '',
  `aflag3` char(1) NOT NULL DEFAULT '',
  `vehno` varchar(30) NOT NULL DEFAULT '0',
  `sgst` decimal(10,2) NOT NULL DEFAULT 0.00,
  `cgst` decimal(10,2) NOT NULL DEFAULT 0.00,
  `igst` decimal(10,2) NOT NULL DEFAULT 0.00,
  `sgstper` decimal(6,2) NOT NULL DEFAULT 0.00,
  `cgstper` decimal(6,2) NOT NULL DEFAULT 0.00,
  `igstper` decimal(6,2) NOT NULL DEFAULT 0.00,
  `hnc` char(10) NOT NULL DEFAULT '',
  `dtype` char(1) NOT NULL DEFAULT '',
  `ttds` char(1) NOT NULL DEFAULT '',
  `tdes` varchar(30) NOT NULL DEFAULT '',
  `tdsper` decimal(6,2) NOT NULL DEFAULT 0.00,
  `tdsamt` decimal(10,2) NOT NULL DEFAULT 0.00,
  `iflag` char(1) NOT NULL DEFAULT '',
  `taxable` decimal(12,2) NOT NULL DEFAULT 0.00,
  `uname` varchar(20) NOT NULL DEFAULT '',
  `sysdt` datetime NOT NULL DEFAULT current_timestamp(),
  `yr` char(5) NOT NULL DEFAULT '',
  `vchno` decimal(8,0) NOT NULL DEFAULT 0,
  `tid` char(3) NOT NULL DEFAULT '',
  `rem` char(50) NOT NULL DEFAULT '',
  `rate1` decimal(10,2) NOT NULL DEFAULT 0.00,
  `sesno` int(11) NOT NULL DEFAULT 0,
  `billdt` date NOT NULL DEFAULT '1900-01-01',
  `billamt` decimal(10,2) NOT NULL DEFAULT 0.00,
  `oflg` char(1) NOT NULL DEFAULT '',
  `tcsamt` decimal(10,2) NOT NULL DEFAULT 0.00,
  `tcsper` decimal(6,3) NOT NULL DEFAULT 0.000,
  `texp` decimal(10,2) NOT NULL DEFAULT 0.00,
  `dumpid` char(3) NOT NULL DEFAULT '',
  `dumpdes` char(30) NOT NULL DEFAULT '',
  `ewno` varchar(35) NOT NULL DEFAULT '',
  `cid` char(3) NOT NULL DEFAULT '',
  `make` char(50) NOT NULL DEFAULT '',
  `dflg` char(1) NOT NULL DEFAULT '',
  `orderno` char(50) NOT NULL DEFAULT '',
  `bltrqty` decimal(10,2) NOT NULL DEFAULT 0.00,
  `yymm` char(5) NOT NULL,
  `filepath` varchar(250) NOT NULL,
  `dou` date NOT NULL DEFAULT '1900-01-01',
  `saletype` char(1) NOT NULL DEFAULT 'N',
  `pglc` char(8) NOT NULL DEFAULT '',
  `pgln` char(80) NOT NULL DEFAULT ''
) ENGINE=InnoDB DEFAULT CHARSET=utf8mb4 COLLATE=utf8mb4_general_ci;

--
-- Dumping data for table `bills`
--

INSERT INTO `bills` (`tc`, `ser`, `docno`, `docdt`, `glc`, `billno`, `bbags`, `bqty`, `gln`, `bilamt`, `trans`, `trid`, `grno`, `sttype`, `sdes`, `amount1`, `amount`, `dis`, `sper`, `stax`, `misc`, `glc1`, `gln1`, `narr`, `freight`, `weight`, `nugs`, `grdt`, `narr1`, `per1`, `stype`, `trkno`, `cflg`, `crate`, `crtype`, `dis1`, `incyn`, `mth`, `cfrmno`, `pidno`, `vat`, `term`, `orddt`, `gpno`, `per3`, `prate`, `pamt`, `exp1`, `exp2`, `exp3`, `exp4`, `sur`, `surper`, `per2`, `aflag`, `thro`, `disper`, `adttm`, `lotno`, `dcode`, `dname`, `bdes1`, `bdes2`, `bdes3`, `bdes4`, `btrackno`, `trackno`, `glc2`, `gln2`, `aflag1`, `bglc`, `bgln`, `chqamt`, `adjamt`, `rebate`, `actint`, `intrec`, `tds`, `diff`, `aflag2`, `aflag3`, `vehno`, `sgst`, `cgst`, `igst`, `sgstper`, `cgstper`, `igstper`, `hnc`, `dtype`, `ttds`, `tdes`, `tdsper`, `tdsamt`, `iflag`, `taxable`, `uname`, `sysdt`, `yr`, `vchno`, `tid`, `rem`, `rate1`, `sesno`, `billdt`, `billamt`, `oflg`, `tcsamt`, `tcsper`, `texp`, `dumpid`, `dumpdes`, `ewno`, `cid`, `make`, `dflg`, `orderno`, `bltrqty`, `yymm`, `filepath`, `dou`, `saletype`, `pglc`, `pgln`) VALUES
('P11', '2223', '1', '2023-08-07', '22230003', '1', 0, 10.000, 'SELLER', 0.00, '', '', '', '2G2', 'UN-REG. DEALER OUTSIDE STATE', 1000.00, 0.00, 0.00, 0.00, 0.00, 0.00, '', '', '', 0.00, 0.000, 0, '1900-01-01', '', 0.00, '', '', '', 0.00, '', 0.00, '', '', '', '', '', '', '1900-01-01', '', 0.00, 0.00, 0.00, 0.00, 0.00, 0.00, 0.00, 0.00, 0.00, 0.00, '', '', 0.00, '1900-01-01 00:00:00', '', '', '', '', '', '', '', 0, 0, '', '', '', '', '', 0.00, 0.00, 0.00, 0.00, 0.00, 0.00, 0.00, '', '', '0', 0.00, 0.00, 50.00, 0.00, 0.00, 0.00, '', '', '', '', 0.00, 0.00, '', 1000.00, 'supervisor', '2023-08-08 00:00:33', '', 0, '', '', 0.00, 0, '2023-08-07', 1050.00, '', 0.00, 0.000, 0.00, '', '', '', '', '', '', '', 0.00, '', '', '1900-01-01', 'N', '22230002', 'PURCHASER');

-- --------------------------------------------------------

--
-- Table structure for table `catgmst`
--

CREATE TABLE `catgmst` (
  `catgid` char(3) NOT NULL DEFAULT '',
  `catgdes` char(30) NOT NULL DEFAULT '',
  `trackno` int(11) NOT NULL,
  `sysdt` datetime NOT NULL DEFAULT current_timestamp(),
  `uname` char(20) NOT NULL
) ENGINE=InnoDB DEFAULT CHARSET=utf8mb4 COLLATE=utf8mb4_general_ci;

--
-- Dumping data for table `catgmst`
--

INSERT INTO `catgmst` (`catgid`, `catgdes`, `trackno`, `sysdt`, `uname`) VALUES
('001', 'CUSTOMER', 1, '2022-09-16 17:06:08', 'supervisor'),
('002', 'SELLER', 2, '2022-09-16 17:08:20', 'supervisor'),
('003', 'BUYERS', 3, '2022-09-16 17:08:26', 'supervisor');

-- --------------------------------------------------------

--
-- Table structure for table `city`
--

CREATE TABLE `city` (
  `ctid` char(4) NOT NULL DEFAULT '',
  `city` varchar(50) NOT NULL DEFAULT '',
  `statid` char(3) NOT NULL DEFAULT '',
  `trackno` int(11) NOT NULL,
  `sysdt` datetime NOT NULL DEFAULT current_timestamp(),
  `uname` varchar(20) NOT NULL DEFAULT ''
) ENGINE=InnoDB DEFAULT CHARSET=utf8mb4 COLLATE=utf8mb4_general_ci;

--
-- Dumping data for table `city`
--

INSERT INTO `city` (`ctid`, `city`, `statid`, `trackno`, `sysdt`, `uname`) VALUES
('0001', 'PORT BLAIR', '018', 118, '2022-09-16 16:32:02', ''),
('0002', 'VISAKHAPATNAM', '023', 119, '2022-09-16 16:32:02', ''),
('0003', 'VIJAYAWADA', '023', 120, '2022-09-16 16:32:02', ''),
('0004', 'GUNTUR', '023', 121, '2022-09-16 16:32:02', ''),
('0005', 'NELLORE', '023', 122, '2022-09-16 16:32:02', ''),
('0006', 'KURNOOL', '023', 123, '2022-09-16 16:32:02', ''),
('0007', 'RAJAHMUNDRY', '023', 124, '2022-09-16 16:32:02', ''),
('0008', 'KAKINADA', '023', 125, '2022-09-16 16:32:02', ''),
('0009', 'TIRUPATI', '023', 126, '2022-09-16 16:32:02', ''),
('0010', 'ANANTAPUR', '023', 127, '2022-09-16 16:32:02', ''),
('0011', 'KADAPA', '023', 128, '2022-09-16 16:32:02', ''),
('0012', 'VIZIANAGARAM', '023', 129, '2022-09-16 16:32:02', ''),
('0013', 'ELURU', '023', 130, '2022-09-16 16:32:02', ''),
('0014', 'ONGOLE', '023', 131, '2022-09-16 16:32:02', ''),
('0015', 'NANDYAL', '023', 132, '2022-09-16 16:32:02', ''),
('0016', 'MACHILIPATNAM', '023', 133, '2022-09-16 16:32:02', ''),
('0017', 'ADONI', '023', 134, '2022-09-16 16:32:02', ''),
('0018', 'TENALI', '023', 135, '2022-09-16 16:32:02', ''),
('0019', 'CHITTOOR', '023', 136, '2022-09-16 16:32:02', ''),
('0020', 'HINDUPUR', '023', 137, '2022-09-16 16:32:02', ''),
('0021', 'PRODDATUR', '023', 138, '2022-09-16 16:32:02', ''),
('0022', 'BHIMAVARAM', '023', 139, '2022-09-16 16:32:02', ''),
('0023', 'MADANAPALLE', '023', 140, '2022-09-16 16:32:02', ''),
('0024', 'GUNTAKAL', '023', 141, '2022-09-16 16:32:02', ''),
('0025', 'DHARMAVARAM', '023', 142, '2022-09-16 16:32:02', ''),
('0026', 'GUDIVADA', '023', 143, '2022-09-16 16:32:02', ''),
('0027', 'SRIKAKULAM', '023', 144, '2022-09-16 16:32:02', ''),
('0028', 'NARASARAOPET', '023', 145, '2022-09-16 16:32:02', ''),
('0029', 'RAJAMPET', '023', 146, '2022-09-16 16:32:02', ''),
('0030', 'TADPATRI', '023', 147, '2022-09-16 16:32:02', ''),
('0031', 'TADEPALLIGUDEM', '023', 148, '2022-09-16 16:32:02', ''),
('0032', 'CHILAKALURIPET', '023', 149, '2022-09-16 16:32:02', ''),
('0033', 'YEMMIGANUR', '023', 150, '2022-09-16 16:32:02', ''),
('0034', 'KADIRI', '023', 151, '2022-09-16 16:32:02', ''),
('0035', 'CHIRALA', '023', 152, '2022-09-16 16:32:02', ''),
('0036', 'ANAKAPALLE', '023', 153, '2022-09-16 16:32:02', ''),
('0037', 'KAVALI', '023', 154, '2022-09-16 16:32:02', ''),
('0038', 'PALACOLE', '023', 155, '2022-09-16 16:32:02', ''),
('0039', 'SULLURPETA', '023', 156, '2022-09-16 16:32:02', ''),
('0040', 'TANUKU', '023', 157, '2022-09-16 16:32:02', ''),
('0041', 'RAYACHOTI', '023', 158, '2022-09-16 16:32:02', ''),
('0042', 'SRIKALAHASTI', '023', 159, '2022-09-16 16:32:02', ''),
('0043', 'BAPATLA', '023', 160, '2022-09-16 16:32:02', ''),
('0044', 'NAIDUPET', '023', 161, '2022-09-16 16:32:02', ''),
('0045', 'NAGARI', '023', 162, '2022-09-16 16:32:02', ''),
('0046', 'GUDUR', '023', 163, '2022-09-16 16:32:02', ''),
('0047', 'VINUKONDA', '023', 164, '2022-09-16 16:32:02', ''),
('0048', 'NARASAPURAM', '023', 165, '2022-09-16 16:32:02', ''),
('0049', 'NUZVID', '023', 166, '2022-09-16 16:32:02', ''),
('0050', 'MARKAPUR', '023', 167, '2022-09-16 16:32:02', ''),
('0051', 'PONNUR', '023', 168, '2022-09-16 16:32:02', ''),
('0052', 'KANDUKUR', '023', 169, '2022-09-16 16:32:02', ''),
('0053', 'BOBBILI', '023', 170, '2022-09-16 16:32:02', ''),
('0054', 'RAYADURG', '023', 171, '2022-09-16 16:32:02', ''),
('0055', 'SAMALKOT', '023', 172, '2022-09-16 16:32:02', ''),
('0056', 'JAGGAIAHPET', '023', 173, '2022-09-16 16:32:02', ''),
('0057', 'TUNI', '023', 174, '2022-09-16 16:32:02', ''),
('0058', 'AMALAPURAM', '023', 175, '2022-09-16 16:32:02', ''),
('0059', 'BHEEMUNIPATNAM', '023', 176, '2022-09-16 16:32:02', ''),
('0060', 'VENKATAGIRI', '023', 177, '2022-09-16 16:32:02', ''),
('0061', 'SATTENAPALLE', '023', 178, '2022-09-16 16:32:02', ''),
('0062', 'PITHAPURAM', '023', 179, '2022-09-16 16:32:02', ''),
('0063', 'PALASA KASIBUGGA', '023', 180, '2022-09-16 16:32:02', ''),
('0064', 'PARVATHIPURAM', '023', 181, '2022-09-16 16:32:02', ''),
('0065', 'MACHERLA', '023', 182, '2022-09-16 16:32:02', ''),
('0066', 'GOOTY', '023', 183, '2022-09-16 16:32:02', ''),
('0067', 'SALUR', '023', 184, '2022-09-16 16:32:02', ''),
('0068', 'MANDAPETA', '023', 185, '2022-09-16 16:32:02', ''),
('0069', 'JAMMALAMADUGU', '023', 186, '2022-09-16 16:32:02', ''),
('0070', 'PEDDAPURAM', '023', 187, '2022-09-16 16:32:02', ''),
('0071', 'PUNGANUR', '023', 188, '2022-09-16 16:32:02', ''),
('0072', 'NIDADAVOLE', '023', 189, '2022-09-16 16:32:02', ''),
('0073', 'REPALLE', '023', 190, '2022-09-16 16:32:02', ''),
('0074', 'RAMACHANDRAPURAM', '023', 191, '2022-09-16 16:32:02', ''),
('0075', 'KOVVUR', '023', 192, '2022-09-16 16:32:02', ''),
('0076', 'TIRUVURU', '023', 193, '2022-09-16 16:32:02', ''),
('0077', 'URAVAKONDA', '023', 194, '2022-09-16 16:32:02', ''),
('0078', 'NARSIPATNAM', '023', 195, '2022-09-16 16:32:02', ''),
('0079', 'YERRAGUNTLA', '023', 196, '2022-09-16 16:32:02', ''),
('0080', 'PEDANA', '023', 197, '2022-09-16 16:32:02', ''),
('0081', 'PUTTUR', '023', 198, '2022-09-16 16:32:02', ''),
('0082', 'RENIGUNTA', '023', 199, '2022-09-16 16:32:02', ''),
('0083', 'RAJAM', '023', 200, '2022-09-16 16:32:02', ''),
('0084', 'SRISAILAM PROJECT (RIGHT FLANK COLONY) TOWNSHIP', '023', 201, '2022-09-16 16:32:02', ''),
('0085', 'NAHARLAGUN', '010', 202, '2022-09-16 16:32:02', ''),
('0086', 'PASIGHAT', '010', 203, '2022-09-16 16:32:02', ''),
('0087', 'GUWAHATI', '019', 204, '2022-09-16 16:32:02', ''),
('0088', 'SILCHAR', '019', 205, '2022-09-16 16:32:02', ''),
('0089', 'DIBRUGARH', '019', 206, '2022-09-16 16:32:02', ''),
('0090', 'NAGAON', '019', 207, '2022-09-16 16:32:02', ''),
('0091', 'TINSUKIA', '019', 208, '2022-09-16 16:32:02', ''),
('0092', 'JORHAT', '019', 209, '2022-09-16 16:32:02', ''),
('0093', 'BONGAIGAON CITY', '019', 210, '2022-09-16 16:32:02', ''),
('0094', 'DHUBRI', '019', 211, '2022-09-16 16:32:02', ''),
('0095', 'DIPHU', '019', 212, '2022-09-16 16:32:02', ''),
('0096', 'NORTH LAKHIMPUR', '019', 213, '2022-09-16 16:32:02', ''),
('0097', 'TEZPUR', '019', 214, '2022-09-16 16:32:02', ''),
('0098', 'KARIMGANJ', '019', 215, '2022-09-16 16:32:02', ''),
('0099', 'SIBSAGAR', '019', 216, '2022-09-16 16:32:02', ''),
('0100', 'GOALPARA', '019', 217, '2022-09-16 16:32:02', ''),
('0101', 'BARPETA', '019', 218, '2022-09-16 16:34:22', ''),
('0102', 'LANKA', '019', 219, '2022-09-16 16:34:22', ''),
('0103', 'LUMDING', '019', 220, '2022-09-16 16:34:22', ''),
('0104', 'MANKACHAR', '019', 221, '2022-09-16 16:34:22', ''),
('0105', 'NALBARI', '019', 222, '2022-09-16 16:34:22', ''),
('0106', 'RANGIA', '019', 223, '2022-09-16 16:34:22', ''),
('0107', 'MARGHERITA', '019', 224, '2022-09-16 16:34:22', ''),
('0108', 'MANGALDOI', '019', 225, '2022-09-16 16:34:22', ''),
('0109', 'SILAPATHAR', '019', 226, '2022-09-16 16:34:22', ''),
('0110', 'MARIANI', '019', 227, '2022-09-16 16:34:22', ''),
('0111', 'MARIGAON', '019', 228, '2022-09-16 16:34:22', ''),
('0112', 'PATNA', '024', 229, '2022-09-16 16:34:22', ''),
('0113', 'GAYA', '024', 230, '2022-09-16 16:34:22', ''),
('0114', 'BHAGALPUR', '024', 231, '2022-09-16 16:34:22', ''),
('0115', 'MUZAFFARPUR', '024', 232, '2022-09-16 16:34:22', ''),
('0116', 'DARBHANGA', '024', 233, '2022-09-16 16:34:22', ''),
('0117', 'ARRAH', '024', 234, '2022-09-16 16:34:22', ''),
('0118', 'BEGUSARAI', '024', 235, '2022-09-16 16:34:22', ''),
('0119', 'CHHAPRA', '024', 236, '2022-09-16 16:34:22', ''),
('0120', 'KATIHAR', '024', 237, '2022-09-16 16:34:22', ''),
('0121', 'MUNGER', '024', 238, '2022-09-16 16:34:22', ''),
('0122', 'PURNIA', '024', 239, '2022-09-16 16:34:22', ''),
('0123', 'SAHARSA', '024', 240, '2022-09-16 16:34:22', ''),
('0124', 'SASARAM', '024', 241, '2022-09-16 16:34:22', ''),
('0125', 'HAJIPUR', '024', 242, '2022-09-16 16:34:22', ''),
('0126', 'DEHRI-ON-SONE', '024', 243, '2022-09-16 16:34:22', ''),
('0127', 'BETTIAH', '024', 244, '2022-09-16 16:34:22', ''),
('0128', 'MOTIHARI', '024', 245, '2022-09-16 16:34:22', ''),
('0129', 'BAGAHA', '024', 246, '2022-09-16 16:34:22', ''),
('0130', 'SIWAN', '024', 247, '2022-09-16 16:34:22', ''),
('0131', 'KISHANGANJ', '024', 248, '2022-09-16 16:34:22', ''),
('0132', 'JAMALPUR', '024', 249, '2022-09-16 16:34:22', ''),
('0133', 'BUXAR', '024', 250, '2022-09-16 16:34:22', ''),
('0134', 'JEHANABAD', '024', 251, '2022-09-16 16:34:22', ''),
('0135', 'AURANGABAD', '024', 252, '2022-09-16 16:34:22', ''),
('0136', 'LAKHISARAI', '024', 253, '2022-09-16 16:34:22', ''),
('0137', 'NAWADA', '024', 254, '2022-09-16 16:34:22', ''),
('0138', 'JAMUI', '024', 255, '2022-09-16 16:34:22', ''),
('0139', 'SITAMARHI', '024', 256, '2022-09-16 16:34:22', ''),
('0140', 'ARARIA', '024', 257, '2022-09-16 16:34:22', ''),
('0141', 'GOPALGANJ', '024', 258, '2022-09-16 16:34:22', ''),
('0142', 'MADHUBANI', '024', 259, '2022-09-16 16:34:22', ''),
('0143', 'MASAURHI', '024', 260, '2022-09-16 16:34:22', ''),
('0144', 'SAMASTIPUR', '024', 261, '2022-09-16 16:34:22', ''),
('0145', 'MOKAMEH', '024', 262, '2022-09-16 16:34:22', ''),
('0146', 'SUPAUL', '024', 263, '2022-09-16 16:34:22', ''),
('0147', 'DUMRAON', '024', 264, '2022-09-16 16:34:22', ''),
('0148', 'ARWAL', '024', 265, '2022-09-16 16:34:22', ''),
('0149', 'FORBESGANJ', '024', 266, '2022-09-16 16:34:22', ''),
('0150', 'BHABURBAN AGGLOMERATION', '024', 267, '2022-09-16 16:34:22', ''),
('0151', 'NARKATIAGANJ', '024', 268, '2022-09-16 16:34:22', ''),
('0152', 'NAUGACHHIA', '024', 269, '2022-09-16 16:34:22', ''),
('0153', 'MADHEPURA', '024', 270, '2022-09-16 16:34:22', ''),
('0154', 'SHEIKHPURA', '024', 271, '2022-09-16 16:34:22', ''),
('0155', 'SULTANGANJ', '024', 272, '2022-09-16 16:34:22', ''),
('0156', 'RAXAUL BAZAR', '024', 273, '2022-09-16 16:34:22', ''),
('0157', 'RAMNAGAR', '024', 274, '2022-09-16 16:34:22', ''),
('0158', 'MAHNAR BAZAR', '024', 275, '2022-09-16 16:34:22', ''),
('0159', 'WARISALIGANJ', '024', 276, '2022-09-16 16:34:22', ''),
('0160', 'REVELGANJ', '024', 277, '2022-09-16 16:34:22', ''),
('0161', 'RAJGIR', '024', 278, '2022-09-16 16:34:22', ''),
('0162', 'SONEPUR', '024', 279, '2022-09-16 16:34:22', ''),
('0163', 'SHERGHATI', '024', 280, '2022-09-16 16:34:22', ''),
('0164', 'SUGAULI', '024', 281, '2022-09-16 16:34:22', ''),
('0165', 'MAKHDUMPUR', '024', 282, '2022-09-16 16:34:22', ''),
('0166', 'MANER', '024', 283, '2022-09-16 16:34:22', ''),
('0167', 'ROSERA', '024', 284, '2022-09-16 16:34:22', ''),
('0168', 'NOKHA', '024', 285, '2022-09-16 16:34:22', ''),
('0169', 'PIRO', '024', 286, '2022-09-16 16:34:22', ''),
('0170', 'RAFIGANJ', '024', 287, '2022-09-16 16:34:22', ''),
('0171', 'MARHAURA', '024', 288, '2022-09-16 16:34:22', ''),
('0172', 'MIRGANJ', '024', 289, '2022-09-16 16:34:22', ''),
('0173', 'LALGANJ', '024', 290, '2022-09-16 16:34:22', ''),
('0174', 'MURLIGANJ', '024', 291, '2022-09-16 16:34:22', ''),
('0175', 'MOTIPUR', '024', 292, '2022-09-16 16:34:22', ''),
('0176', 'MANIHARI', '024', 293, '2022-09-16 16:34:22', ''),
('0177', 'SHEOHAR', '024', 294, '2022-09-16 16:34:22', ''),
('0178', 'MAHARAJGANJ', '024', 295, '2022-09-16 16:34:22', ''),
('0179', 'SILAO', '024', 296, '2022-09-16 16:34:22', ''),
('0180', 'BARH', '024', 297, '2022-09-16 16:34:22', ''),
('0181', 'ASARGANJ', '024', 298, '2022-09-16 16:34:22', ''),
('0182', 'CHANDIGARH', '011', 299, '2022-09-16 16:34:22', ''),
('0183', 'RAIPUR', '006', 300, '2022-09-16 16:34:22', ''),
('0184', 'BHILAI NAGAR', '006', 301, '2022-09-16 16:34:22', ''),
('0185', 'KORBA', '006', 302, '2022-09-16 16:34:22', ''),
('0186', 'BILASPUR', '006', 303, '2022-09-16 16:34:22', ''),
('0187', 'DURG', '006', 304, '2022-09-16 16:34:22', ''),
('0188', 'RAJNANDGAON', '006', 305, '2022-09-16 16:34:22', ''),
('0189', 'JAGDALPUR', '006', 306, '2022-09-16 16:34:22', ''),
('0190', 'RAIGARH', '006', 307, '2022-09-16 16:34:22', ''),
('0191', 'AMBIKAPUR', '006', 308, '2022-09-16 16:34:22', ''),
('0192', 'MAHASAMUND', '006', 309, '2022-09-16 16:34:22', ''),
('0193', 'DHAMTARI', '006', 310, '2022-09-16 16:34:22', ''),
('0194', 'CHIRMIRI', '006', 311, '2022-09-16 16:34:22', ''),
('0195', 'BHATAPARA', '006', 312, '2022-09-16 16:34:22', ''),
('0196', 'DALLI-RAJHARA', '006', 313, '2022-09-16 16:34:22', ''),
('0197', 'NAILA JANJGIR', '006', 314, '2022-09-16 16:34:22', ''),
('0198', 'TILDA NEWRA', '006', 315, '2022-09-16 16:34:22', ''),
('0199', 'MUNGELI', '006', 316, '2022-09-16 16:34:22', ''),
('0200', 'MANENDRAGARH', '006', 317, '2022-09-16 16:34:22', ''),
('0201', 'SAKTI', '006', 318, '2022-09-16 16:34:22', ''),
('0202', 'SILVASSA', '025', 319, '2022-09-16 16:34:22', ''),
('0203', 'DELHI', '030', 320, '2022-09-16 16:34:22', ''),
('0204', 'NEW DELHI', '030', 321, '2022-09-16 16:34:22', ''),
('0205', 'MARMAGAO', '005', 322, '2022-09-16 16:34:22', ''),
('0206', 'PANAJI', '005', 323, '2022-09-16 16:34:22', ''),
('0207', 'MARGAO', '005', 324, '2022-09-16 16:34:22', ''),
('0208', 'MAPUSA', '005', 325, '2022-09-16 16:34:22', ''),
('0209', 'AHMEDABAD', '003', 326, '2022-09-16 16:34:22', ''),
('0210', 'SURAT', '003', 327, '2022-09-16 16:34:22', ''),
('0211', 'VADODARA', '003', 328, '2022-09-16 16:34:22', ''),
('0212', 'RAJKOT', '003', 329, '2022-09-16 16:34:22', ''),
('0213', 'BHAVNAGAR', '003', 330, '2022-09-16 16:34:22', ''),
('0214', 'JAMNAGAR', '003', 331, '2022-09-16 16:34:22', ''),
('0215', 'NADIAD', '003', 332, '2022-09-16 16:34:22', ''),
('0216', 'PORBANDAR', '003', 333, '2022-09-16 16:34:22', ''),
('0217', 'ANAND', '003', 334, '2022-09-16 16:34:22', ''),
('0218', 'MORVI', '003', 335, '2022-09-16 16:34:22', ''),
('0219', 'MAHESANA', '003', 336, '2022-09-16 16:34:22', ''),
('0220', 'BHARUCH', '003', 337, '2022-09-16 16:34:22', ''),
('0221', 'VAPI', '003', 338, '2022-09-16 16:34:22', ''),
('0222', 'NAVSARI', '003', 339, '2022-09-16 16:34:22', ''),
('0223', 'VERAVAL', '003', 340, '2022-09-16 16:34:22', ''),
('0224', 'BHUJ', '003', 341, '2022-09-16 16:34:22', ''),
('0225', 'GODHRA', '003', 342, '2022-09-16 16:34:22', ''),
('0226', 'PALANPUR', '003', 343, '2022-09-16 16:34:22', ''),
('0227', 'VALSAD', '003', 344, '2022-09-16 16:34:22', ''),
('0228', 'PATAN', '003', 345, '2022-09-16 16:34:22', ''),
('0229', 'DEESA', '003', 346, '2022-09-16 16:34:22', ''),
('0230', 'AMRELI', '003', 347, '2022-09-16 16:34:22', ''),
('0231', 'ANJAR', '003', 348, '2022-09-16 16:34:22', ''),
('0232', 'DHORAJI', '003', 349, '2022-09-16 16:34:22', ''),
('0233', 'KHAMBHAT', '003', 350, '2022-09-16 16:34:22', ''),
('0234', 'MAHUVA', '003', 351, '2022-09-16 16:34:22', ''),
('0235', 'KESHOD', '003', 352, '2022-09-16 16:34:22', ''),
('0236', 'WADHWAN', '003', 353, '2022-09-16 16:34:22', ''),
('0237', 'ANKLESHWAR', '003', 354, '2022-09-16 16:34:22', ''),
('0238', 'SAVARKUNDLA', '003', 355, '2022-09-16 16:34:22', ''),
('0239', 'KADI', '003', 356, '2022-09-16 16:34:22', ''),
('0240', 'VISNAGAR', '003', 357, '2022-09-16 16:34:22', ''),
('0241', 'UPLETA', '003', 358, '2022-09-16 16:34:22', ''),
('0242', 'UNA', '003', 359, '2022-09-16 16:34:22', ''),
('0243', 'SIDHPUR', '003', 360, '2022-09-16 16:34:22', ''),
('0244', 'UNJHA', '003', 361, '2022-09-16 16:34:22', ''),
('0245', 'MANGROL', '003', 362, '2022-09-16 16:34:22', ''),
('0246', 'VIRAMGAM', '003', 363, '2022-09-16 16:34:22', ''),
('0247', 'MODASA', '003', 364, '2022-09-16 16:34:22', ''),
('0248', 'PALITANA', '003', 365, '2022-09-16 16:34:22', ''),
('0249', 'PETLAD', '003', 366, '2022-09-16 16:34:22', ''),
('0250', 'KAPADVANJ', '003', 367, '2022-09-16 16:34:22', ''),
('0251', 'SIHOR', '003', 368, '2022-09-16 16:34:22', ''),
('0252', 'WANKANER', '003', 369, '2022-09-16 16:34:22', ''),
('0253', 'LIMBDI', '003', 370, '2022-09-16 16:34:22', ''),
('0254', 'MANDVI', '003', 371, '2022-09-16 16:34:22', ''),
('0255', 'THANGADH', '003', 372, '2022-09-16 16:34:22', ''),
('0256', 'VYARA', '003', 373, '2022-09-16 16:34:22', ''),
('0257', 'PADRA', '003', 374, '2022-09-16 16:34:22', ''),
('0258', 'LUNAWADA', '003', 375, '2022-09-16 16:34:22', ''),
('0259', 'RAJPIPLA', '003', 376, '2022-09-16 16:34:22', ''),
('0260', 'VAPI', '003', 377, '2022-09-16 16:34:22', ''),
('0261', 'UMRETH', '003', 378, '2022-09-16 16:34:22', ''),
('0262', 'SANAND', '003', 379, '2022-09-16 16:34:22', ''),
('0263', 'RAJULA', '003', 380, '2022-09-16 16:34:22', ''),
('0264', 'RADHANPUR', '003', 381, '2022-09-16 16:34:22', ''),
('0265', 'MAHEMDABAD', '003', 382, '2022-09-16 16:34:22', ''),
('0266', 'RANAVAV', '003', 383, '2022-09-16 16:34:22', ''),
('0267', 'THARAD', '003', 384, '2022-09-16 16:34:22', ''),
('0268', 'MANSA', '003', 385, '2022-09-16 16:34:22', ''),
('0269', 'UMBERGAON', '003', 386, '2022-09-16 16:34:22', ''),
('0270', 'TALAJA', '003', 387, '2022-09-16 16:34:22', ''),
('0271', 'VADNAGAR', '003', 388, '2022-09-16 16:34:22', ''),
('0272', 'MANAVADAR', '003', 389, '2022-09-16 16:34:22', ''),
('0273', 'SALAYA', '003', 390, '2022-09-16 16:34:22', ''),
('0274', 'VIJAPUR', '003', 391, '2022-09-16 16:34:22', ''),
('0275', 'PARDI', '003', 392, '2022-09-16 16:34:22', ''),
('0276', 'RAPAR', '003', 393, '2022-09-16 16:34:22', ''),
('0277', 'SONGADH', '003', 394, '2022-09-16 16:34:22', ''),
('0278', 'LATHI', '003', 395, '2022-09-16 16:34:22', ''),
('0279', 'ADALAJ', '003', 396, '2022-09-16 16:34:22', ''),
('0280', 'CHHAPRA', '003', 397, '2022-09-16 16:34:22', ''),
('0281', 'FARIDABAD', '021', 398, '2022-09-16 16:34:22', ''),
('0282', 'GURGAON', '021', 399, '2022-09-16 16:34:22', ''),
('0283', 'HISAR', '021', 400, '2022-09-16 16:34:22', ''),
('0284', 'ROHTAK', '021', 401, '2022-09-16 16:34:22', ''),
('0285', 'PANIPAT', '021', 402, '2022-09-16 16:34:22', ''),
('0286', 'KARNAL', '021', 403, '2022-09-16 16:34:22', ''),
('0287', 'SONIPAT', '021', 404, '2022-09-16 16:34:22', ''),
('0288', 'YAMUNANAGAR', '021', 405, '2022-09-16 16:34:22', ''),
('0289', 'PANCHKULA', '021', 406, '2022-09-16 16:34:22', ''),
('0290', 'BHIWANI', '021', 407, '2022-09-16 16:34:22', ''),
('0291', 'BAHADURGARH', '021', 408, '2022-09-16 16:34:22', ''),
('0292', 'JIND', '021', 409, '2022-09-16 16:34:22', ''),
('0293', 'SIRSA', '021', 410, '2022-09-16 16:34:22', ''),
('0294', 'THANESAR', '021', 411, '2022-09-16 16:34:22', ''),
('0295', 'KAITHAL', '021', 412, '2022-09-16 16:34:22', ''),
('0296', 'PALWAL', '021', 413, '2022-09-16 16:34:22', ''),
('0297', 'REWARI', '021', 414, '2022-09-16 16:34:22', ''),
('0298', 'HANSI', '021', 415, '2022-09-16 16:34:22', ''),
('0299', 'NARNAUL', '021', 416, '2022-09-16 16:34:22', ''),
('0300', 'FATEHABAD', '021', 417, '2022-09-16 16:34:22', ''),
('0301', 'GOHANA', '021', 418, '2022-09-16 16:34:22', ''),
('0302', 'TOHANA', '021', 419, '2022-09-16 16:34:22', ''),
('0303', 'NARWANA', '021', 420, '2022-09-16 16:34:22', ''),
('0304', 'MANDI DABWALI', '021', 421, '2022-09-16 16:34:22', ''),
('0305', 'CHARKHI DADRI', '021', 422, '2022-09-16 16:34:22', ''),
('0306', 'SHAHBAD', '021', 423, '2022-09-16 16:34:22', ''),
('0307', 'PEHOWA', '021', 424, '2022-09-16 16:34:22', ''),
('0308', 'SAMALKHA', '021', 425, '2022-09-16 16:34:22', ''),
('0309', 'PINJORE', '021', 426, '2022-09-16 16:34:22', ''),
('0310', 'LADWA', '021', 427, '2022-09-16 16:34:22', ''),
('0311', 'SOHNA', '021', 428, '2022-09-16 16:34:22', ''),
('0312', 'SAFIDON', '021', 429, '2022-09-16 16:34:22', ''),
('0313', 'TARAORI', '021', 430, '2022-09-16 16:34:22', ''),
('0314', 'MAHENDRAGARH', '021', 431, '2022-09-16 16:34:22', ''),
('0315', 'RATIA', '021', 432, '2022-09-16 16:34:22', ''),
('0316', 'RANIA', '021', 433, '2022-09-16 16:34:22', ''),
('0317', 'SARSOD', '021', 434, '2022-09-16 16:34:22', ''),
('0318', 'SHIMLA', '009', 435, '2022-09-16 16:34:22', ''),
('0319', 'MANDI', '009', 436, '2022-09-16 16:34:22', ''),
('0320', 'SOLAN', '009', 437, '2022-09-16 16:34:22', ''),
('0321', 'NAHAN', '009', 438, '2022-09-16 16:34:22', ''),
('0322', 'SUNDARNAGAR', '009', 439, '2022-09-16 16:34:22', ''),
('0323', 'PALAMPUR', '009', 440, '2022-09-16 16:34:22', ''),
('0324', 'SRINAGAR', '028', 441, '2022-09-16 16:34:22', ''),
('0325', 'JAMMU', '028', 442, '2022-09-16 16:34:22', ''),
('0326', 'BARAMULA', '028', 443, '2022-09-16 16:34:22', ''),
('0327', 'ANANTNAG', '028', 444, '2022-09-16 16:34:22', ''),
('0328', 'SOPORE', '028', 445, '2022-09-16 16:34:22', ''),
('0329', 'KATHURBAN AGGLOMERATION', '028', 446, '2022-09-16 16:34:22', ''),
('0330', 'RAJAURI', '028', 447, '2022-09-16 16:34:22', ''),
('0331', 'PUNCH', '028', 448, '2022-09-16 16:34:22', ''),
('0332', 'UDHAMPUR', '028', 449, '2022-09-16 16:34:22', ''),
('0333', 'DHANBAD', '014', 450, '2022-09-16 16:34:22', ''),
('0334', 'RANCHI', '014', 451, '2022-09-16 16:34:22', ''),
('0335', 'JAMSHEDPUR', '014', 452, '2022-09-16 16:34:22', ''),
('0336', 'BOKARO STEEL CITY', '014', 453, '2022-09-16 16:34:22', ''),
('0337', 'DEOGHAR', '014', 454, '2022-09-16 16:34:22', ''),
('0338', 'PHUSRO', '014', 455, '2022-09-16 16:34:22', ''),
('0339', 'ADITYAPUR', '014', 456, '2022-09-16 16:34:22', ''),
('0340', 'HAZARIBAG', '014', 457, '2022-09-16 16:34:22', ''),
('0341', 'GIRIDIH', '014', 458, '2022-09-16 16:34:22', ''),
('0342', 'RAMGARH', '014', 459, '2022-09-16 16:34:22', ''),
('0343', 'JHUMRI TILAIYA', '014', 460, '2022-09-16 16:34:22', ''),
('0344', 'SAUNDA', '014', 461, '2022-09-16 16:34:22', ''),
('0345', 'SAHIBGANJ', '014', 462, '2022-09-16 16:34:22', ''),
('0346', 'MEDININAGAR (DALTONGANJ)', '014', 463, '2022-09-16 16:34:22', ''),
('0347', 'CHAIBASA', '014', 464, '2022-09-16 16:34:22', ''),
('0348', 'CHATRA', '014', 465, '2022-09-16 16:34:22', ''),
('0349', 'GUMIA', '014', 466, '2022-09-16 16:34:22', ''),
('0350', 'DUMKA', '014', 467, '2022-09-16 16:34:22', ''),
('0351', 'MADHUPUR', '014', 468, '2022-09-16 16:34:22', ''),
('0352', 'CHIRKUNDA', '014', 469, '2022-09-16 16:34:22', ''),
('0353', 'PAKAUR', '014', 470, '2022-09-16 16:34:22', ''),
('0354', 'SIMDEGA', '014', 471, '2022-09-16 16:34:22', ''),
('0355', 'MUSABANI', '014', 472, '2022-09-16 16:34:22', ''),
('0356', 'MIHIJAM', '014', 473, '2022-09-16 16:34:22', ''),
('0357', 'PATRATU', '014', 474, '2022-09-16 16:34:22', ''),
('0358', 'LOHARDAGA', '014', 475, '2022-09-16 16:34:22', ''),
('0359', 'TENU DAM-CUM-KATHHARA', '014', 476, '2022-09-16 16:34:22', ''),
('0360', 'BENGALURU', '004', 477, '2022-09-16 16:34:22', ''),
('0361', 'HUBLI-DHARWAD', '004', 478, '2022-09-16 16:34:22', ''),
('0362', 'BELAGAVI', '004', 479, '2022-09-16 16:34:22', ''),
('0363', 'MANGALURU', '004', 480, '2022-09-16 16:34:22', ''),
('0364', 'DAVANAGERE', '004', 481, '2022-09-16 16:34:22', ''),
('0365', 'BALLARI', '004', 482, '2022-09-16 16:34:22', ''),
('0366', 'TUMKUR', '004', 483, '2022-09-16 16:34:22', ''),
('0367', 'SHIVAMOGGA', '004', 484, '2022-09-16 16:34:22', ''),
('0368', 'RAAYACHURU', '004', 485, '2022-09-16 16:34:22', ''),
('0369', 'ROBERTSON PET', '004', 486, '2022-09-16 16:34:22', ''),
('0370', 'KOLAR', '004', 487, '2022-09-16 16:34:22', ''),
('0371', 'MANDYA', '004', 488, '2022-09-16 16:34:22', ''),
('0372', 'UDUPI', '004', 489, '2022-09-16 16:34:22', ''),
('0373', 'CHIKKAMAGALURU', '004', 490, '2022-09-16 16:34:22', ''),
('0374', 'KARWAR', '004', 491, '2022-09-16 16:34:22', ''),
('0375', 'RANEBENNURU', '004', 492, '2022-09-16 16:34:22', ''),
('0376', 'RANIBENNUR', '004', 493, '2022-09-16 16:34:22', ''),
('0377', 'RAMANAGARAM', '004', 494, '2022-09-16 16:34:22', ''),
('0378', 'GOKAK', '004', 495, '2022-09-16 16:34:22', ''),
('0379', 'YADGIR', '004', 496, '2022-09-16 16:34:22', ''),
('0380', 'RABKAVI BANHATTI', '004', 497, '2022-09-16 16:34:22', ''),
('0381', 'SHAHABAD', '004', 498, '2022-09-16 16:34:22', ''),
('0382', 'SIRSI', '004', 499, '2022-09-16 16:34:22', ''),
('0383', 'SINDHNUR', '004', 500, '2022-09-16 16:34:22', ''),
('0384', 'TIPTUR', '004', 501, '2022-09-16 16:34:22', ''),
('0385', 'ARSIKERE', '004', 502, '2022-09-16 16:34:22', ''),
('0386', 'NANJANGUD', '004', 503, '2022-09-16 16:34:22', ''),
('0387', 'SAGARA', '004', 504, '2022-09-16 16:34:22', ''),
('0388', 'SIRA', '004', 505, '2022-09-16 16:34:22', ''),
('0389', 'PUTTUR', '004', 506, '2022-09-16 16:34:22', ''),
('0390', 'ATHNI', '004', 507, '2022-09-16 16:34:22', ''),
('0391', 'MULBAGAL', '004', 508, '2022-09-16 16:34:22', ''),
('0392', 'SURAPURA', '004', 509, '2022-09-16 16:34:22', ''),
('0393', 'SIRUGUPPA', '004', 510, '2022-09-16 16:34:22', ''),
('0394', 'MUDHOL', '004', 511, '2022-09-16 16:34:22', ''),
('0395', 'SIDLAGHATTA', '004', 512, '2022-09-16 16:34:22', ''),
('0396', 'SHAHPUR', '004', 513, '2022-09-16 16:34:22', ''),
('0397', 'SAUNDATTI-YELLAMMA', '004', 514, '2022-09-16 16:34:22', ''),
('0398', 'WADI', '004', 515, '2022-09-16 16:34:22', ''),
('0399', 'MANVI', '004', 516, '2022-09-16 16:34:22', ''),
('0400', 'NELAMANGALA', '004', 517, '2022-09-16 16:34:22', ''),
('0401', 'LAKSHMESHWAR', '004', 518, '2022-09-16 16:34:22', ''),
('0402', 'RAMDURG', '004', 519, '2022-09-16 16:34:22', ''),
('0403', 'NARGUND', '004', 520, '2022-09-16 16:34:22', ''),
('0404', 'TARIKERE', '004', 521, '2022-09-16 16:34:22', ''),
('0405', 'MALAVALLI', '004', 522, '2022-09-16 16:34:22', ''),
('0406', 'SAVANUR', '004', 523, '2022-09-16 16:34:22', ''),
('0407', 'LINGSUGUR', '004', 524, '2022-09-16 16:34:22', ''),
('0408', 'VIJAYAPURA', '004', 525, '2022-09-16 16:34:22', ''),
('0409', 'SANKESHWARA', '004', 526, '2022-09-16 16:34:22', ''),
('0410', 'MADIKERI', '004', 527, '2022-09-16 16:34:22', ''),
('0411', 'TALIKOTA', '004', 528, '2022-09-16 16:34:22', ''),
('0412', 'SEDAM', '004', 529, '2022-09-16 16:34:22', ''),
('0413', 'SHIKARIPUR', '004', 530, '2022-09-16 16:34:22', ''),
('0414', 'MAHALINGAPURA', '004', 531, '2022-09-16 16:34:22', ''),
('0415', 'MUDALAGI', '004', 532, '2022-09-16 16:34:22', ''),
('0416', 'MUDDEBIHAL', '004', 533, '2022-09-16 16:34:22', ''),
('0417', 'PAVAGADA', '004', 534, '2022-09-16 16:34:22', ''),
('0418', 'MALUR', '004', 535, '2022-09-16 16:34:22', ''),
('0419', 'SINDHAGI', '004', 536, '2022-09-16 16:34:22', ''),
('0420', 'SANDURU', '004', 537, '2022-09-16 16:34:22', ''),
('0421', 'AFZALPUR', '004', 538, '2022-09-16 16:34:22', ''),
('0422', 'MADDUR', '004', 539, '2022-09-16 16:34:22', ''),
('0423', 'MADHUGIRI', '004', 540, '2022-09-16 16:34:22', ''),
('0424', 'TEKKALAKOTE', '004', 541, '2022-09-16 16:34:22', ''),
('0425', 'TERDAL', '004', 542, '2022-09-16 16:34:22', ''),
('0426', 'MUDABIDRI', '004', 543, '2022-09-16 16:34:22', ''),
('0427', 'MAGADI', '004', 544, '2022-09-16 16:34:22', ''),
('0428', 'NAVALGUND', '004', 545, '2022-09-16 16:34:22', ''),
('0429', 'SHIGGAON', '004', 546, '2022-09-16 16:34:22', ''),
('0430', 'SHRIRANGAPATTANA', '004', 547, '2022-09-16 16:34:22', ''),
('0431', 'SINDAGI', '004', 548, '2022-09-16 16:34:22', ''),
('0432', 'SAKALESHAPURA', '004', 549, '2022-09-16 16:34:22', ''),
('0433', 'SRINIVASPUR', '004', 550, '2022-09-16 16:34:22', ''),
('0434', 'RON', '004', 551, '2022-09-16 16:34:22', ''),
('0435', 'MUNDARGI', '004', 552, '2022-09-16 16:34:22', ''),
('0436', 'SADALAGI', '004', 553, '2022-09-16 16:34:22', ''),
('0437', 'PIRIYAPATNA', '004', 554, '2022-09-16 16:34:22', ''),
('0438', 'ADYAR', '004', 555, '2022-09-16 16:34:22', ''),
('0439', 'MYSORE', '029', 556, '2022-09-16 16:34:22', ''),
('0440', 'THIRUVANANTHAPURAM', '007', 557, '2022-09-16 16:34:22', ''),
('0441', 'KOCHI', '007', 558, '2022-09-16 16:34:22', ''),
('0442', 'KOZHIKODE', '007', 559, '2022-09-16 16:34:22', ''),
('0443', 'KOLLAM', '007', 560, '2022-09-16 16:34:22', ''),
('0444', 'THRISSUR', '007', 561, '2022-09-16 16:34:22', ''),
('0445', 'PALAKKAD', '007', 562, '2022-09-16 16:34:22', ''),
('0446', 'ALAPPUZHA', '007', 563, '2022-09-16 16:34:22', ''),
('0447', 'MALAPPURAM', '007', 564, '2022-09-16 16:34:22', ''),
('0448', 'PONNANI', '007', 565, '2022-09-16 16:34:22', ''),
('0449', 'VATAKARA', '007', 566, '2022-09-16 16:34:22', ''),
('0450', 'KANHANGAD', '007', 567, '2022-09-16 16:34:22', ''),
('0451', 'TALIPARAMBA', '007', 568, '2022-09-16 16:34:22', ''),
('0452', 'KOYILANDY', '007', 569, '2022-09-16 16:34:22', ''),
('0453', 'NEYYATTINKARA', '007', 570, '2022-09-16 16:34:22', ''),
('0454', 'KAYAMKULAM', '007', 571, '2022-09-16 16:34:22', ''),
('0455', 'NEDUMANGAD', '007', 572, '2022-09-16 16:34:22', ''),
('0456', 'KANNUR', '007', 573, '2022-09-16 16:34:22', ''),
('0457', 'TIRUR', '007', 574, '2022-09-16 16:34:22', ''),
('0458', 'KOTTAYAM', '007', 575, '2022-09-16 16:34:22', ''),
('0459', 'KASARAGOD', '007', 576, '2022-09-16 16:34:22', ''),
('0460', 'KUNNAMKULAM', '007', 577, '2022-09-16 16:34:22', ''),
('0461', 'OTTAPPALAM', '007', 578, '2022-09-16 16:34:22', ''),
('0462', 'THIRUVALLA', '007', 579, '2022-09-16 16:34:22', ''),
('0463', 'THODUPUZHA', '007', 580, '2022-09-16 16:34:22', ''),
('0464', 'CHALAKUDY', '007', 581, '2022-09-16 16:34:22', ''),
('0465', 'CHANGANASSERY', '007', 582, '2022-09-16 16:34:22', ''),
('0466', 'PUNALUR', '007', 583, '2022-09-16 16:34:22', ''),
('0467', 'NILAMBUR', '007', 584, '2022-09-16 16:34:22', ''),
('0468', 'CHERTHALA', '007', 585, '2022-09-16 16:34:22', ''),
('0469', 'PERINTHALMANNA', '007', 586, '2022-09-16 16:34:22', ''),
('0470', 'MATTANNUR', '007', 587, '2022-09-16 16:34:22', ''),
('0471', 'SHORANUR', '007', 588, '2022-09-16 16:34:22', ''),
('0472', 'VARKALA', '007', 589, '2022-09-16 16:34:22', ''),
('0473', 'PARAVOOR', '007', 590, '2022-09-16 16:34:22', ''),
('0474', 'PATHANAMTHITTA', '007', 591, '2022-09-16 16:34:22', ''),
('0475', 'PERINGATHUR', '007', 592, '2022-09-16 16:34:22', ''),
('0476', 'ATTINGAL', '007', 593, '2022-09-16 16:34:22', ''),
('0477', 'KODUNGALLUR', '007', 594, '2022-09-16 16:34:22', ''),
('0478', 'PAPPINISSERI', '007', 595, '2022-09-16 16:34:22', ''),
('0479', 'CHITTUR-THATHAMANGALAM', '007', 596, '2022-09-16 16:34:22', ''),
('0480', 'MUVATTUPUZHA', '007', 597, '2022-09-16 16:34:22', ''),
('0481', 'ADOOR', '007', 598, '2022-09-16 16:34:22', ''),
('0482', 'MAVELIKKARA', '007', 599, '2022-09-16 16:34:22', ''),
('0483', 'MAVOOR', '007', 600, '2022-09-16 16:34:22', ''),
('0484', 'PERUMBAVOOR', '007', 601, '2022-09-16 16:34:22', ''),
('0485', 'VAIKOM', '007', 602, '2022-09-16 16:34:22', ''),
('0486', 'PALAI', '007', 603, '2022-09-16 16:34:22', ''),
('0487', 'PANNIYANNUR', '007', 604, '2022-09-16 16:34:22', ''),
('0488', 'GURUVAYOOR', '007', 605, '2022-09-16 16:34:22', ''),
('0489', 'PUTHUPPALLY', '007', 606, '2022-09-16 16:34:22', ''),
('0490', 'PANAMATTOM', '007', 607, '2022-09-16 16:34:22', ''),
('0491', 'INDORE', '016', 608, '2022-09-16 16:34:22', ''),
('0492', 'BHOPAL', '016', 609, '2022-09-16 16:34:22', ''),
('0493', 'JABALPUR', '016', 610, '2022-09-16 16:34:22', ''),
('0494', 'GWALIOR', '016', 611, '2022-09-16 16:34:22', ''),
('0495', 'UJJAIN', '016', 612, '2022-09-16 16:34:22', ''),
('0496', 'SAGAR', '016', 613, '2022-09-16 16:34:22', ''),
('0497', 'RATLAM', '016', 614, '2022-09-16 16:34:22', ''),
('0498', 'SATNA', '016', 615, '2022-09-16 16:34:22', ''),
('0499', 'MURWARA (KATNI)', '016', 616, '2022-09-16 16:34:22', ''),
('0500', 'MORENA', '016', 617, '2022-09-16 16:34:22', ''),
('0501', 'SINGRAULI', '016', 618, '2022-09-16 16:34:22', ''),
('0502', 'REWA', '016', 619, '2022-09-16 16:34:22', ''),
('0503', 'VIDISHA', '016', 620, '2022-09-16 16:34:22', ''),
('0504', 'GANJBASODA', '016', 621, '2022-09-16 16:34:22', ''),
('0505', 'SHIVPURI', '016', 622, '2022-09-16 16:34:22', ''),
('0506', 'MANDSAUR', '016', 623, '2022-09-16 16:34:22', ''),
('0507', 'NEEMUCH', '016', 624, '2022-09-16 16:34:22', ''),
('0508', 'NAGDA', '016', 625, '2022-09-16 16:34:22', ''),
('0509', 'ITARSI', '016', 626, '2022-09-16 16:34:22', ''),
('0510', 'SARNI', '016', 627, '2022-09-16 16:34:22', ''),
('0511', 'SEHORE', '016', 628, '2022-09-16 16:34:22', ''),
('0512', 'MHOW CANTONMENT', '016', 629, '2022-09-16 16:34:22', ''),
('0513', 'SEONI', '016', 630, '2022-09-16 16:34:22', ''),
('0514', 'BALAGHAT', '016', 631, '2022-09-16 16:34:22', ''),
('0515', 'ASHOK NAGAR', '016', 632, '2022-09-16 16:34:22', ''),
('0516', 'TIKAMGARH', '016', 633, '2022-09-16 16:34:22', ''),
('0517', 'SHAHDOL', '016', 634, '2022-09-16 16:34:22', ''),
('0518', 'PITHAMPUR', '016', 635, '2022-09-16 16:34:22', ''),
('0519', 'ALIRAJPUR', '016', 636, '2022-09-16 16:34:22', ''),
('0520', 'MANDLA', '016', 637, '2022-09-16 16:34:22', ''),
('0521', 'SHEOPUR', '016', 638, '2022-09-16 16:34:22', ''),
('0522', 'SHAJAPUR', '016', 639, '2022-09-16 16:34:22', ''),
('0523', 'PANNA', '016', 640, '2022-09-16 16:34:22', ''),
('0524', 'RAGHOGARH-VIJAYPUR', '016', 641, '2022-09-16 16:34:22', ''),
('0525', 'SENDHWA', '016', 642, '2022-09-16 16:34:22', ''),
('0526', 'SIDHI', '016', 643, '2022-09-16 16:34:22', ''),
('0527', 'PIPARIYA', '016', 644, '2022-09-16 16:34:22', ''),
('0528', 'SHUJALPUR', '016', 645, '2022-09-16 16:34:22', ''),
('0529', 'SIRONJ', '016', 646, '2022-09-16 16:34:22', ''),
('0530', 'PANDHURNA', '016', 647, '2022-09-16 16:34:22', ''),
('0531', 'NOWGONG', '016', 648, '2022-09-16 16:34:22', ''),
('0532', 'MANDIDEEP', '016', 649, '2022-09-16 16:34:22', ''),
('0533', 'SIHORA', '016', 650, '2022-09-16 16:34:22', ''),
('0534', 'RAISEN', '016', 651, '2022-09-16 16:34:22', ''),
('0535', 'LAHAR', '016', 652, '2022-09-16 16:34:22', ''),
('0536', 'MAIHAR', '016', 653, '2022-09-16 16:34:22', ''),
('0537', 'SANAWAD', '016', 654, '2022-09-16 16:34:22', ''),
('0538', 'SABALGARH', '016', 655, '2022-09-16 16:34:22', ''),
('0539', 'UMARIA', '016', 656, '2022-09-16 16:34:22', ''),
('0540', 'PORSA', '016', 657, '2022-09-16 16:34:22', ''),
('0541', 'NARSINGHGARH', '016', 658, '2022-09-16 16:34:22', ''),
('0542', 'MALAJ KHAND', '016', 659, '2022-09-16 16:34:22', ''),
('0543', 'SARANGPUR', '016', 660, '2022-09-16 16:34:22', ''),
('0544', 'MUNDI', '016', 661, '2022-09-16 16:34:22', ''),
('0545', 'NEPANAGAR', '016', 662, '2022-09-16 16:34:22', ''),
('0546', 'PASAN', '016', 663, '2022-09-16 16:34:22', ''),
('0547', 'MAHIDPUR', '016', 664, '2022-09-16 16:34:22', ''),
('0548', 'SEONI-MALWA', '016', 665, '2022-09-16 16:34:22', ''),
('0549', 'REHLI', '016', 666, '2022-09-16 16:34:22', ''),
('0550', 'MANAWAR', '016', 667, '2022-09-16 16:34:22', ''),
('0551', 'RAHATGARH', '016', 668, '2022-09-16 16:34:22', ''),
('0552', 'PANAGAR', '016', 669, '2022-09-16 16:34:22', ''),
('0553', 'WARA SEONI', '016', 670, '2022-09-16 16:34:22', ''),
('0554', 'TARANA', '016', 671, '2022-09-16 16:34:22', ''),
('0555', 'SAUSAR', '016', 672, '2022-09-16 16:34:22', ''),
('0556', 'RAJGARH', '016', 673, '2022-09-16 16:34:22', ''),
('0557', 'NIWARI', '016', 674, '2022-09-16 16:34:22', ''),
('0558', 'MAUGANJ', '016', 675, '2022-09-16 16:34:22', ''),
('0559', 'MANASA', '016', 676, '2022-09-16 16:34:22', ''),
('0560', 'NAINPUR', '016', 677, '2022-09-16 16:34:22', ''),
('0561', 'PRITHVIPUR', '016', 678, '2022-09-16 16:34:22', ''),
('0562', 'SOHAGPUR', '016', 679, '2022-09-16 16:34:22', ''),
('0563', 'NOWROZABAD (KHODARGAMA)', '016', 680, '2022-09-16 16:34:22', ''),
('0564', 'SHAMGARH', '016', 681, '2022-09-16 16:34:22', ''),
('0565', 'MAHARAJPUR', '016', 682, '2022-09-16 16:34:22', ''),
('0566', 'MULTAI', '016', 683, '2022-09-16 16:34:22', ''),
('0567', 'PALI', '016', 684, '2022-09-16 16:34:22', ''),
('0568', 'PACHORE', '016', 685, '2022-09-16 16:34:22', ''),
('0569', 'RAU', '016', 686, '2022-09-16 16:34:22', ''),
('0570', 'MHOWGAON', '016', 687, '2022-09-16 16:34:22', ''),
('0571', 'VIJAYPUR', '016', 688, '2022-09-16 16:34:22', ''),
('0572', 'NARSINGHGARH', '016', 689, '2022-09-16 16:34:22', ''),
('0573', 'MUMBAI', '017', 690, '2022-09-16 16:34:22', ''),
('0574', 'PUNE', '017', 691, '2022-09-16 16:34:22', ''),
('0575', 'NAGPUR', '017', 692, '2022-09-16 16:34:22', ''),
('0576', 'THANE', '017', 693, '2022-09-16 16:34:22', ''),
('0577', 'NASHIK', '017', 694, '2022-09-16 16:34:22', ''),
('0578', 'KALYAN-DOMBIVALI', '017', 695, '2022-09-16 16:34:22', ''),
('0579', 'VASAI-VIRAR', '017', 696, '2022-09-16 16:34:22', ''),
('0580', 'SOLAPUR', '017', 697, '2022-09-16 16:34:22', ''),
('0581', 'MIRA-BHAYANDAR', '017', 698, '2022-09-16 16:34:22', ''),
('0582', 'BHIWANDI', '017', 699, '2022-09-16 16:34:22', ''),
('0583', 'AMRAVATI', '017', 700, '2022-09-16 16:34:22', ''),
('0584', 'NANDED-WAGHALA', '017', 701, '2022-09-16 16:34:22', ''),
('0585', 'SANGLI', '017', 702, '2022-09-16 16:34:22', ''),
('0586', 'MALEGAON', '017', 703, '2022-09-16 16:34:22', ''),
('0587', 'AKOLA', '017', 704, '2022-09-16 16:34:22', ''),
('0588', 'LATUR', '017', 705, '2022-09-16 16:34:22', ''),
('0589', 'DHULE', '017', 706, '2022-09-16 16:34:22', ''),
('0590', 'AHMEDNAGAR', '017', 707, '2022-09-16 16:34:22', ''),
('0591', 'ICHALKARANJI', '017', 708, '2022-09-16 16:34:22', ''),
('0592', 'PARBHANI', '017', 709, '2022-09-16 16:34:22', ''),
('0593', 'PANVEL', '017', 710, '2022-09-16 16:34:22', ''),
('0594', 'YAVATMAL', '017', 711, '2022-09-16 16:34:22', ''),
('0595', 'ACHALPUR', '017', 712, '2022-09-16 16:34:22', ''),
('0596', 'OSMANABAD', '017', 713, '2022-09-16 16:34:22', ''),
('0597', 'NANDURBAR', '017', 714, '2022-09-16 16:34:22', ''),
('0598', 'SATARA', '017', 715, '2022-09-16 16:34:22', ''),
('0599', 'WARDHA', '017', 716, '2022-09-16 16:34:22', ''),
('0600', 'UDGIR', '017', 717, '2022-09-16 16:34:22', ''),
('0601', 'AURANGABAD', '017', 718, '2022-09-16 16:36:04', ''),
('0602', 'AMALNER', '017', 719, '2022-09-16 16:36:04', ''),
('0603', 'AKOT', '017', 720, '2022-09-16 16:36:04', ''),
('0604', 'PANDHARPUR', '017', 721, '2022-09-16 16:36:04', ''),
('0605', 'SHRIRAMPUR', '017', 722, '2022-09-16 16:36:04', ''),
('0606', 'PARLI', '017', 723, '2022-09-16 16:36:04', ''),
('0607', 'WASHIM', '017', 724, '2022-09-16 16:36:04', ''),
('0608', 'AMBEJOGAI', '017', 725, '2022-09-16 16:36:04', ''),
('0609', 'MANMAD', '017', 726, '2022-09-16 16:36:04', ''),
('0610', 'RATNAGIRI', '017', 727, '2022-09-16 16:36:04', ''),
('0611', 'URAN ISLAMPUR', '017', 728, '2022-09-16 16:36:04', ''),
('0612', 'PUSAD', '017', 729, '2022-09-16 16:36:04', ''),
('0613', 'SANGAMNER', '017', 730, '2022-09-16 16:36:04', ''),
('0614', 'SHIRPUR-WARWADE', '017', 731, '2022-09-16 16:36:04', ''),
('0615', 'MALKAPUR', '017', 732, '2022-09-16 16:36:04', ''),
('0616', 'WANI', '017', 733, '2022-09-16 16:36:04', ''),
('0617', 'LONAVLA', '017', 734, '2022-09-16 16:36:04', ''),
('0618', 'TALEGAON DABHADE', '017', 735, '2022-09-16 16:36:04', ''),
('0619', 'ANJANGAON', '017', 736, '2022-09-16 16:36:04', ''),
('0620', 'UMRED', '017', 737, '2022-09-16 16:36:04', ''),
('0621', 'PALGHAR', '017', 738, '2022-09-16 16:36:04', ''),
('0622', 'SHEGAON', '017', 739, '2022-09-16 16:36:04', ''),
('0623', 'OZAR', '017', 740, '2022-09-16 16:36:04', ''),
('0624', 'PHALTAN', '017', 741, '2022-09-16 16:36:04', ''),
('0625', 'YEVLA', '017', 742, '2022-09-16 16:36:04', ''),
('0626', 'SHAHADE', '017', 743, '2022-09-16 16:36:04', ''),
('0627', 'VITA', '017', 744, '2022-09-16 16:36:04', ''),
('0628', 'UMARKHED', '017', 745, '2022-09-16 16:36:04', ''),
('0629', 'WARORA', '017', 746, '2022-09-16 16:36:04', ''),
('0630', 'PACHORA', '017', 747, '2022-09-16 16:36:04', ''),
('0631', 'TUMSAR', '017', 748, '2022-09-16 16:36:04', ''),
('0632', 'MANJLEGAON', '017', 749, '2022-09-16 16:36:04', ''),
('0633', 'SILLOD', '017', 750, '2022-09-16 16:36:04', ''),
('0634', 'ARVI', '017', 751, '2022-09-16 16:36:04', ''),
('0635', 'NANDURA', '017', 752, '2022-09-16 16:36:04', ''),
('0636', 'VAIJAPUR', '017', 753, '2022-09-16 16:36:04', ''),
('0637', 'WADGAON ROAD', '017', 754, '2022-09-16 16:36:04', ''),
('0638', 'SAILU', '017', 755, '2022-09-16 16:36:04', ''),
('0639', 'MURTIJAPUR', '017', 756, '2022-09-16 16:36:04', ''),
('0640', 'TASGAON', '017', 757, '2022-09-16 16:36:04', ''),
('0641', 'MEHKAR', '017', 758, '2022-09-16 16:36:04', ''),
('0642', 'YAWAL', '017', 759, '2022-09-16 16:36:04', ''),
('0643', 'PULGAON', '017', 760, '2022-09-16 16:36:04', ''),
('0644', 'NILANGA', '017', 761, '2022-09-16 16:36:04', ''),
('0645', 'WAI', '017', 762, '2022-09-16 16:36:04', ''),
('0646', 'UMARGA', '017', 763, '2022-09-16 16:36:04', ''),
('0647', 'PAITHAN', '017', 764, '2022-09-16 16:36:04', ''),
('0648', 'RAHURI', '017', 765, '2022-09-16 16:36:04', ''),
('0649', 'NAWAPUR', '017', 766, '2022-09-16 16:36:04', ''),
('0650', 'TULJAPUR', '017', 767, '2022-09-16 16:36:04', ''),
('0651', 'MORSHI', '017', 768, '2022-09-16 16:36:04', ''),
('0652', 'PURNA', '017', 769, '2022-09-16 16:36:04', ''),
('0653', 'SATANA', '017', 770, '2022-09-16 16:36:04', ''),
('0654', 'PATHRI', '017', 771, '2022-09-16 16:36:04', ''),
('0655', 'SINNAR', '017', 772, '2022-09-16 16:36:04', ''),
('0656', 'UCHGAON', '017', 773, '2022-09-16 16:36:04', ''),
('0657', 'URAN', '017', 774, '2022-09-16 16:36:04', ''),
('0658', 'PEN', '017', 775, '2022-09-16 16:36:04', ''),
('0659', 'KARJAT', '017', 776, '2022-09-16 16:36:04', ''),
('0660', 'MANWATH', '017', 777, '2022-09-16 16:36:04', ''),
('0661', 'PARTUR', '017', 778, '2022-09-16 16:36:04', ''),
('0662', 'SANGOLE', '017', 779, '2022-09-16 16:36:04', ''),
('0663', 'MANGRULPIR', '017', 780, '2022-09-16 16:36:04', ''),
('0664', 'RISOD', '017', 781, '2022-09-16 16:36:04', ''),
('0665', 'SHIRUR', '017', 782, '2022-09-16 16:36:04', ''),
('0666', 'SAVNER', '017', 783, '2022-09-16 16:36:04', ''),
('0667', 'SASVAD', '017', 784, '2022-09-16 16:36:04', ''),
('0668', 'PANDHARKAODA', '017', 785, '2022-09-16 16:36:04', ''),
('0669', 'TALODE', '017', 786, '2022-09-16 16:36:04', ''),
('0670', 'SHRIGONDA', '017', 787, '2022-09-16 16:36:04', ''),
('0671', 'SHIRDI', '017', 788, '2022-09-16 16:36:04', ''),
('0672', 'RAVER', '017', 789, '2022-09-16 16:36:04', ''),
('0673', 'MUKHED', '017', 790, '2022-09-16 16:36:04', ''),
('0674', 'RAJURA', '017', 791, '2022-09-16 16:36:04', ''),
('0675', 'VADGAON KASBA', '017', 792, '2022-09-16 16:36:04', ''),
('0676', 'TIRORA', '017', 793, '2022-09-16 16:36:04', ''),
('0677', 'MAHAD', '017', 794, '2022-09-16 16:36:04', ''),
('0678', 'LONAR', '017', 795, '2022-09-16 16:36:04', ''),
('0679', 'SAWANTWADI', '017', 796, '2022-09-16 16:36:04', ''),
('0680', 'PATHARDI', '017', 797, '2022-09-16 16:36:04', ''),
('0681', 'PAUNI', '017', 798, '2022-09-16 16:36:04', ''),
('0682', 'RAMTEK', '017', 799, '2022-09-16 16:36:04', ''),
('0683', 'MUL', '017', 800, '2022-09-16 16:36:04', ''),
('0684', 'SOYAGAON', '017', 801, '2022-09-16 16:36:04', ''),
('0685', 'MANGALVEDHE', '017', 802, '2022-09-16 16:36:04', ''),
('0686', 'NARKHED', '017', 803, '2022-09-16 16:36:04', ''),
('0687', 'SHENDURJANA', '017', 804, '2022-09-16 16:36:04', ''),
('0688', 'PATUR', '017', 805, '2022-09-16 16:36:04', ''),
('0689', 'MHASWAD', '017', 806, '2022-09-16 16:36:04', ''),
('0690', 'LOHA', '017', 807, '2022-09-16 16:36:04', ''),
('0691', 'NANDGAON', '017', 808, '2022-09-16 16:36:04', ''),
('0692', 'WARUD', '017', 809, '2022-09-16 16:36:04', ''),
('0693', 'IMPHAL', '001', 810, '2022-09-16 16:36:04', ''),
('0694', 'THOUBAL', '001', 811, '2022-09-16 16:36:04', ''),
('0695', 'LILONG', '001', 812, '2022-09-16 16:36:04', ''),
('0696', 'MAYANG IMPHAL', '001', 813, '2022-09-16 16:36:04', ''),
('0697', 'SHILLONG', '027', 814, '2022-09-16 16:36:04', ''),
('0698', 'TURA', '027', 815, '2022-09-16 16:36:04', ''),
('0699', 'NONGSTOIN', '027', 816, '2022-09-16 16:36:04', ''),
('0700', 'AIZAWL', '015', 817, '2022-09-16 16:36:04', ''),
('0701', 'LUNGLEI', '015', 818, '2022-09-16 16:36:04', ''),
('0702', 'SAIHA', '015', 819, '2022-09-16 16:36:04', ''),
('0703', 'DIMAPUR', '022', 820, '2022-09-16 16:36:04', ''),
('0704', 'KOHIMA', '022', 821, '2022-09-16 16:36:04', ''),
('0705', 'ZUNHEBOTO', '022', 822, '2022-09-16 16:36:04', ''),
('0706', 'TUENSANG', '022', 823, '2022-09-16 16:36:04', ''),
('0707', 'WOKHA', '022', 824, '2022-09-16 16:36:04', ''),
('0708', 'MOKOKCHUNG', '022', 825, '2022-09-16 16:36:04', ''),
('0709', 'BHUBANESWAR', '026', 826, '2022-09-16 16:36:04', ''),
('0710', 'CUTTACK', '026', 827, '2022-09-16 16:36:04', ''),
('0711', 'RAURKELA', '026', 828, '2022-09-16 16:36:04', ''),
('0712', 'BRAHMAPUR', '026', 829, '2022-09-16 16:36:04', ''),
('0713', 'SAMBALPUR', '026', 830, '2022-09-16 16:36:04', ''),
('0714', 'PURI', '026', 831, '2022-09-16 16:36:04', ''),
('0715', 'BALESHWAR TOWN', '026', 832, '2022-09-16 16:36:04', ''),
('0716', 'BARIPADA TOWN', '026', 833, '2022-09-16 16:36:04', ''),
('0717', 'BHADRAK', '026', 834, '2022-09-16 16:36:04', ''),
('0718', 'BALANGIR', '026', 835, '2022-09-16 16:36:04', ''),
('0719', 'JHARSUGUDA', '026', 836, '2022-09-16 16:36:04', ''),
('0720', 'BARGARH', '026', 837, '2022-09-16 16:36:04', ''),
('0721', 'PARADIP', '026', 838, '2022-09-16 16:36:04', ''),
('0722', 'BHAWANIPATNA', '026', 839, '2022-09-16 16:36:04', ''),
('0723', 'DHENKANAL', '026', 840, '2022-09-16 16:36:04', ''),
('0724', 'BARBIL', '026', 841, '2022-09-16 16:36:04', ''),
('0725', 'KENDUJHAR', '026', 842, '2022-09-16 16:36:04', ''),
('0726', 'SUNABEDA', '026', 843, '2022-09-16 16:36:04', ''),
('0727', 'RAYAGADA', '026', 844, '2022-09-16 16:36:04', ''),
('0728', 'JATANI', '026', 845, '2022-09-16 16:36:04', ''),
('0729', 'BYASANAGAR', '026', 846, '2022-09-16 16:36:04', ''),
('0730', 'KENDRAPARA', '026', 847, '2022-09-16 16:36:04', ''),
('0731', 'RAJAGANGAPUR', '026', 848, '2022-09-16 16:36:04', ''),
('0732', 'PARLAKHEMUNDI', '026', 849, '2022-09-16 16:36:04', ''),
('0733', 'TALCHER', '026', 850, '2022-09-16 16:36:04', ''),
('0734', 'SUNDARGARH', '026', 851, '2022-09-16 16:36:04', ''),
('0735', 'PHULABANI', '026', 852, '2022-09-16 16:36:04', ''),
('0736', 'PATTAMUNDAI', '026', 853, '2022-09-16 16:36:04', ''),
('0737', 'TITLAGARH', '026', 854, '2022-09-16 16:36:04', ''),
('0738', 'NABARANGAPUR', '026', 855, '2022-09-16 16:36:04', ''),
('0739', 'SORO', '026', 856, '2022-09-16 16:36:04', ''),
('0740', 'MALKANGIRI', '026', 857, '2022-09-16 16:36:04', ''),
('0741', 'RAIRANGPUR', '026', 858, '2022-09-16 16:36:04', ''),
('0742', 'TARBHA', '026', 859, '2022-09-16 16:36:04', ''),
('0743', 'PONDICHERRY', '002', 860, '2022-09-16 16:36:04', ''),
('0744', 'KARAIKAL', '002', 861, '2022-09-16 16:36:04', ''),
('0745', 'YANAM', '002', 862, '2022-09-16 16:36:04', ''),
('0746', 'MAHE', '002', 863, '2022-09-16 16:36:04', ''),
('0747', 'LUDHIANA', '013', 864, '2022-09-16 16:36:04', ''),
('0748', 'PATIALA', '013', 865, '2022-09-16 16:36:04', ''),
('0749', 'AMRITSAR', '013', 866, '2022-09-16 16:36:04', ''),
('0750', 'JALANDHAR', '013', 867, '2022-09-16 16:36:04', ''),
('0751', 'BATHINDA', '013', 868, '2022-09-16 16:36:04', ''),
('0752', 'PATHANKOT', '013', 869, '2022-09-16 16:36:04', ''),
('0753', 'HOSHIARPUR', '013', 870, '2022-09-16 16:36:04', ''),
('0754', 'BATALA', '013', 871, '2022-09-16 16:36:04', ''),
('0755', 'MOGA', '013', 872, '2022-09-16 16:36:04', ''),
('0756', 'MALERKOTLA', '013', 873, '2022-09-16 16:36:04', ''),
('0757', 'KHANNA', '013', 874, '2022-09-16 16:36:04', ''),
('0758', 'MOHALI', '013', 875, '2022-09-16 16:36:04', ''),
('0759', 'BARNALA', '013', 876, '2022-09-16 16:36:04', ''),
('0760', 'FIROZPUR', '013', 877, '2022-09-16 16:36:04', ''),
('0761', 'PHAGWARA', '013', 878, '2022-09-16 16:36:04', ''),
('0762', 'KAPURTHALA', '013', 879, '2022-09-16 16:36:04', ''),
('0763', 'ZIRAKPUR', '013', 880, '2022-09-16 16:36:04', ''),
('0764', 'KOT KAPURA', '013', 881, '2022-09-16 16:36:04', ''),
('0765', 'FARIDKOT', '013', 882, '2022-09-16 16:36:04', ''),
('0766', 'MUKTSAR', '013', 883, '2022-09-16 16:36:04', ''),
('0767', 'RAJPURA', '013', 884, '2022-09-16 16:36:04', ''),
('0768', 'SANGRUR', '013', 885, '2022-09-16 16:36:04', ''),
('0769', 'FAZILKA', '013', 886, '2022-09-16 16:36:04', ''),
('0770', 'GURDASPUR', '013', 887, '2022-09-16 16:36:04', ''),
('0771', 'KHARAR', '013', 888, '2022-09-16 16:36:04', ''),
('0772', 'GOBINDGARH', '013', 889, '2022-09-16 16:36:04', ''),
('0773', 'MANSA', '013', 890, '2022-09-16 16:36:04', ''),
('0774', 'MALOUT', '013', 891, '2022-09-16 16:36:04', ''),
('0775', 'NABHA', '013', 892, '2022-09-16 16:36:04', ''),
('0776', 'TARN TARAN', '013', 893, '2022-09-16 16:36:04', ''),
('0777', 'JAGRAON', '013', 894, '2022-09-16 16:36:04', ''),
('0778', 'SUNAM', '013', 895, '2022-09-16 16:36:04', ''),
('0779', 'DHURI', '013', 896, '2022-09-16 16:36:04', ''),
('0780', 'FIROZPUR CANTT.', '013', 897, '2022-09-16 16:36:04', ''),
('0781', 'SIRHIND FATEHGARH SAHIB', '013', 898, '2022-09-16 16:36:04', ''),
('0782', 'RUPNAGAR', '013', 899, '2022-09-16 16:36:04', ''),
('0783', 'JALANDHAR CANTT.', '013', 900, '2022-09-16 16:36:04', ''),
('0784', 'SAMANA', '013', 901, '2022-09-16 16:36:04', ''),
('0785', 'NAWANSHAHR', '013', 902, '2022-09-16 16:36:04', ''),
('0786', 'RAMPURA PHUL', '013', 903, '2022-09-16 16:36:04', ''),
('0787', 'NANGAL', '013', 904, '2022-09-16 16:36:04', ''),
('0788', 'NAKODAR', '013', 905, '2022-09-16 16:36:04', ''),
('0789', 'ZIRA', '013', 906, '2022-09-16 16:36:04', ''),
('0790', 'PATTI', '013', 907, '2022-09-16 16:36:04', ''),
('0791', 'RAIKOT', '013', 908, '2022-09-16 16:36:04', ''),
('0792', 'LONGOWAL', '013', 909, '2022-09-16 16:36:04', ''),
('0793', 'URMAR TANDA', '013', 910, '2022-09-16 16:36:04', ''),
('0794', 'MORINDA, INDIA', '013', 911, '2022-09-16 16:36:04', ''),
('0795', 'PHILLAUR', '013', 912, '2022-09-16 16:36:04', ''),
('0796', 'PATTRAN', '013', 913, '2022-09-16 16:36:04', ''),
('0797', 'QADIAN', '013', 914, '2022-09-16 16:36:04', ''),
('0798', 'SUJANPUR', '013', 915, '2022-09-16 16:36:04', ''),
('0799', 'MUKERIAN', '013', 916, '2022-09-16 16:36:04', ''),
('0800', 'TALWARA', '013', 917, '2022-09-16 16:36:04', ''),
('0801', 'JAIPUR', '008', 918, '2022-09-16 16:36:04', ''),
('0802', 'JODHPUR', '008', 919, '2022-09-16 16:36:04', ''),
('0803', 'BIKANER', '008', 920, '2022-09-16 16:36:04', ''),
('0804', 'UDAIPUR', '008', 921, '2022-09-16 16:36:04', ''),
('0805', 'AJMER', '008', 922, '2022-09-16 16:36:04', ''),
('0806', 'BHILWARA', '008', 923, '2022-09-16 16:36:04', ''),
('0807', 'ALWAR', '008', 924, '2022-09-16 16:36:04', ''),
('0808', 'BHARATPUR', '008', 925, '2022-09-16 16:36:04', ''),
('0809', 'PALI', '008', 926, '2022-09-16 16:36:04', ''),
('0810', 'BARMER', '008', 927, '2022-09-16 16:36:04', ''),
('0811', 'SIKAR', '008', 928, '2022-09-16 16:36:04', ''),
('0812', 'TONK', '008', 929, '2022-09-16 16:36:04', ''),
('0813', 'SADULPUR', '008', 930, '2022-09-16 16:36:04', ''),
('0814', 'SAWAI MADHOPUR', '008', 931, '2022-09-16 16:36:04', ''),
('0815', 'NAGAUR', '008', 932, '2022-09-16 16:36:04', ''),
('0816', 'MAKRANA', '008', 933, '2022-09-16 16:36:04', ''),
('0817', 'SUJANGARH', '008', 934, '2022-09-16 16:36:04', ''),
('0818', 'SARDARSHAHAR', '008', 935, '2022-09-16 16:36:04', ''),
('0819', 'LADNU', '008', 936, '2022-09-16 16:36:04', ''),
('0820', 'RATANGARH', '008', 937, '2022-09-16 16:36:04', ''),
('0821', 'NOKHA', '008', 938, '2022-09-16 16:36:04', ''),
('0822', 'NIMBAHERA', '008', 939, '2022-09-16 16:36:04', ''),
('0823', 'SURATGARH', '008', 940, '2022-09-16 16:36:04', ''),
('0824', 'RAJSAMAND', '008', 941, '2022-09-16 16:36:04', ''),
('0825', 'LACHHMANGARH', '008', 942, '2022-09-16 16:36:04', ''),
('0826', 'RAJGARH (CHURU)', '008', 943, '2022-09-16 16:36:04', ''),
('0827', 'NASIRABAD', '008', 944, '2022-09-16 16:36:04', ''),
('0828', 'NOHAR', '008', 945, '2022-09-16 16:36:04', ''),
('0829', 'PHALODI', '008', 946, '2022-09-16 16:36:04', ''),
('0830', 'NATHDWARA', '008', 947, '2022-09-16 16:36:04', ''),
('0831', 'PILANI', '008', 948, '2022-09-16 16:36:04', ''),
('0832', 'MERTA CITY', '008', 949, '2022-09-16 16:36:04', ''),
('0833', 'SOJAT', '008', 950, '2022-09-16 16:36:04', ''),
('0834', 'NEEM-KA-THANA', '008', 951, '2022-09-16 16:36:04', ''),
('0835', 'SIROHI', '008', 952, '2022-09-16 16:36:04', ''),
('0836', 'PRATAPGARH', '008', 953, '2022-09-16 16:36:04', ''),
('0837', 'RAWATBHATA', '008', 954, '2022-09-16 16:36:04', ''),
('0838', 'SANGARIA', '008', 955, '2022-09-16 16:36:04', ''),
('0839', 'LALSOT', '008', 956, '2022-09-16 16:36:04', ''),
('0840', 'PILIBANGA', '008', 957, '2022-09-16 16:36:04', ''),
('0841', 'PIPAR CITY', '008', 958, '2022-09-16 16:36:04', ''),
('0842', 'TARANAGAR', '008', 959, '2022-09-16 16:36:04', ''),
('0843', 'VIJAINAGAR, AJMER', '008', 960, '2022-09-16 16:36:04', ''),
('0844', 'SUMERPUR', '008', 961, '2022-09-16 16:36:04', ''),
('0845', 'SAGWARA', '008', 962, '2022-09-16 16:36:04', '');
INSERT INTO `city` (`ctid`, `city`, `statid`, `trackno`, `sysdt`, `uname`) VALUES
('0846', 'RAMGANJ MANDI', '008', 963, '2022-09-16 16:36:04', ''),
('0847', 'LAKHERI', '008', 964, '2022-09-16 16:36:04', ''),
('0848', 'UDAIPURWATI', '008', 965, '2022-09-16 16:36:04', ''),
('0849', 'LOSAL', '008', 966, '2022-09-16 16:36:04', ''),
('0850', 'SRI MADHOPUR', '008', 967, '2022-09-16 16:36:04', ''),
('0851', 'RAMNGARH', '008', 968, '2022-09-16 16:36:04', ''),
('0852', 'RAWATSAR', '008', 969, '2022-09-16 16:36:04', ''),
('0853', 'RAJAKHERA', '008', 970, '2022-09-16 16:36:04', ''),
('0854', 'SHAHPURA', '008', 971, '2022-09-16 16:36:04', ''),
('0855', 'SHAHPURA', '008', 972, '2022-09-16 16:36:04', ''),
('0856', 'RAISINGHNAGAR', '008', 973, '2022-09-16 16:36:04', ''),
('0857', 'MALPURA', '008', 974, '2022-09-16 16:36:04', ''),
('0858', 'NADBAI', '008', 975, '2022-09-16 16:36:04', ''),
('0859', 'SANCHORE', '008', 976, '2022-09-16 16:36:04', ''),
('0860', 'NAGAR', '008', 977, '2022-09-16 16:36:04', ''),
('0861', 'RAJGARH (ALWAR)', '008', 978, '2022-09-16 16:36:04', ''),
('0862', 'SHEOGANJ', '008', 979, '2022-09-16 16:36:04', ''),
('0863', 'SADRI', '008', 980, '2022-09-16 16:36:04', ''),
('0864', 'TODARAISINGH', '008', 981, '2022-09-16 16:36:04', ''),
('0865', 'TODABHIM', '008', 982, '2022-09-16 16:36:04', ''),
('0866', 'REENGUS', '008', 983, '2022-09-16 16:36:04', ''),
('0867', 'RAJALDESAR', '008', 984, '2022-09-16 16:36:04', ''),
('0868', 'SADULSHAHAR', '008', 985, '2022-09-16 16:36:04', ''),
('0869', 'SAMBHAR', '008', 986, '2022-09-16 16:36:04', ''),
('0870', 'PRANTIJ', '008', 987, '2022-09-16 16:36:04', ''),
('0871', 'MOUNT ABU', '008', 988, '2022-09-16 16:36:04', ''),
('0872', 'MANGROL', '008', 989, '2022-09-16 16:36:04', ''),
('0873', 'PHULERA', '008', 990, '2022-09-16 16:36:04', ''),
('0874', 'MANDAWA', '008', 991, '2022-09-16 16:36:04', ''),
('0875', 'PINDWARA', '008', 992, '2022-09-16 16:36:04', ''),
('0876', 'MANDALGARH', '008', 993, '2022-09-16 16:36:04', ''),
('0877', 'TAKHATGARH', '008', 994, '2022-09-16 16:36:04', ''),
('0878', 'CHENNAI', '020', 995, '2022-09-16 16:36:04', ''),
('0879', 'COIMBATORE', '020', 996, '2022-09-16 16:36:04', ''),
('0880', 'MADURAI', '020', 997, '2022-09-16 16:36:04', ''),
('0881', 'TIRUCHIRAPPALLI', '020', 998, '2022-09-16 16:36:04', ''),
('0882', 'SALEM', '020', 999, '2022-09-16 16:36:04', ''),
('0883', 'TIRUNELVELI', '020', 1000, '2022-09-16 16:36:04', ''),
('0884', 'TIRUPPUR', '020', 1001, '2022-09-16 16:36:04', ''),
('0885', 'RANIPET', '020', 1002, '2022-09-16 16:36:04', ''),
('0886', 'NAGERCOIL', '020', 1003, '2022-09-16 16:36:04', ''),
('0887', 'THANJAVUR', '020', 1004, '2022-09-16 16:36:04', ''),
('0888', 'VELLORE', '020', 1005, '2022-09-16 16:36:04', ''),
('0889', 'KANCHEEPURAM', '020', 1006, '2022-09-16 16:36:04', ''),
('0890', 'ERODE', '020', 1007, '2022-09-16 16:36:04', ''),
('0891', 'TIRUVANNAMALAI', '020', 1008, '2022-09-16 16:36:04', ''),
('0892', 'POLLACHI', '020', 1009, '2022-09-16 16:36:04', ''),
('0893', 'RAJAPALAYAM', '020', 1010, '2022-09-16 16:36:04', ''),
('0894', 'SIVAKASI', '020', 1011, '2022-09-16 16:36:04', ''),
('0895', 'PUDUKKOTTAI', '020', 1012, '2022-09-16 16:36:04', ''),
('0896', 'NEYVELI (TS)', '020', 1013, '2022-09-16 16:36:04', ''),
('0897', 'NAGAPATTINAM', '020', 1014, '2022-09-16 16:36:04', ''),
('0898', 'VILUPPURAM', '020', 1015, '2022-09-16 16:36:04', ''),
('0899', 'TIRUCHENGODE', '020', 1016, '2022-09-16 16:36:04', ''),
('0900', 'VANIYAMBADI', '020', 1017, '2022-09-16 16:36:04', ''),
('0901', 'THENI ALLINAGARAM', '020', 1018, '2022-09-16 16:36:04', ''),
('0902', 'UDHAGAMANDALAM', '020', 1019, '2022-09-16 16:36:04', ''),
('0903', 'ARUPPUKKOTTAI', '020', 1020, '2022-09-16 16:36:04', ''),
('0904', 'PARAMAKUDI', '020', 1021, '2022-09-16 16:36:04', ''),
('0905', 'ARAKKONAM', '020', 1022, '2022-09-16 16:36:04', ''),
('0906', 'VIRUDHACHALAM', '020', 1023, '2022-09-16 16:36:04', ''),
('0907', 'SRIVILLIPUTHUR', '020', 1024, '2022-09-16 16:36:04', ''),
('0908', 'TINDIVANAM', '020', 1025, '2022-09-16 16:36:04', ''),
('0909', 'VIRUDHUNAGAR', '020', 1026, '2022-09-16 16:36:04', ''),
('0910', 'KARUR', '020', 1027, '2022-09-16 16:36:04', ''),
('0911', 'VALPARAI', '020', 1028, '2022-09-16 16:36:04', ''),
('0912', 'SANKARANKOVIL', '020', 1029, '2022-09-16 16:36:04', ''),
('0913', 'TENKASI', '020', 1030, '2022-09-16 16:36:04', ''),
('0914', 'PALANI', '020', 1031, '2022-09-16 16:36:04', ''),
('0915', 'PATTUKKOTTAI', '020', 1032, '2022-09-16 16:36:04', ''),
('0916', 'TIRUPATHUR', '020', 1033, '2022-09-16 16:36:04', ''),
('0917', 'RAMANATHAPURAM', '020', 1034, '2022-09-16 16:36:04', ''),
('0918', 'UDUMALAIPETTAI', '020', 1035, '2022-09-16 16:36:04', ''),
('0919', 'GOBICHETTIPALAYAM', '020', 1036, '2022-09-16 16:36:04', ''),
('0920', 'THIRUVARUR', '020', 1037, '2022-09-16 16:36:04', ''),
('0921', 'THIRUVALLUR', '020', 1038, '2022-09-16 16:36:04', ''),
('0922', 'PANRUTI', '020', 1039, '2022-09-16 16:36:04', ''),
('0923', 'NAMAKKAL', '020', 1040, '2022-09-16 16:36:04', ''),
('0924', 'THIRUMANGALAM', '020', 1041, '2022-09-16 16:36:04', ''),
('0925', 'VIKRAMASINGAPURAM', '020', 1042, '2022-09-16 16:36:04', ''),
('0926', 'NELLIKUPPAM', '020', 1043, '2022-09-16 16:36:04', ''),
('0927', 'RASIPURAM', '020', 1044, '2022-09-16 16:36:04', ''),
('0928', 'TIRUTTANI', '020', 1045, '2022-09-16 16:36:04', ''),
('0929', 'NANDIVARAM-GUDUVANCHERI', '020', 1046, '2022-09-16 16:36:04', ''),
('0930', 'PERIYAKULAM', '020', 1047, '2022-09-16 16:36:04', ''),
('0931', 'PERNAMPATTU', '020', 1048, '2022-09-16 16:36:04', ''),
('0932', 'VELLAKOIL', '020', 1049, '2022-09-16 16:36:04', ''),
('0933', 'SIVAGANGA', '020', 1050, '2022-09-16 16:36:04', ''),
('0934', 'VADALUR', '020', 1051, '2022-09-16 16:36:04', ''),
('0935', 'RAMESHWARAM', '020', 1052, '2022-09-16 16:36:04', ''),
('0936', 'TIRUVETHIPURAM', '020', 1053, '2022-09-16 16:36:04', ''),
('0937', 'PERAMBALUR', '020', 1054, '2022-09-16 16:36:04', ''),
('0938', 'USILAMPATTI', '020', 1055, '2022-09-16 16:36:04', ''),
('0939', 'VEDARANYAM', '020', 1056, '2022-09-16 16:36:04', ''),
('0940', 'SATHYAMANGALAM', '020', 1057, '2022-09-16 16:36:04', ''),
('0941', 'PULIYANKUDI', '020', 1058, '2022-09-16 16:36:04', ''),
('0942', 'NANJIKOTTAI', '020', 1059, '2022-09-16 16:36:04', ''),
('0943', 'THURAIYUR', '020', 1060, '2022-09-16 16:36:04', ''),
('0944', 'SIRKALI', '020', 1061, '2022-09-16 16:36:04', ''),
('0945', 'TIRUCHENDUR', '020', 1062, '2022-09-16 16:36:04', ''),
('0946', 'PERIYASEMUR', '020', 1063, '2022-09-16 16:36:04', ''),
('0947', 'SATTUR', '020', 1064, '2022-09-16 16:36:04', ''),
('0948', 'VANDAVASI', '020', 1065, '2022-09-16 16:36:04', ''),
('0949', 'THARAMANGALAM', '020', 1066, '2022-09-16 16:36:04', ''),
('0950', 'TIRUKKOYILUR', '020', 1067, '2022-09-16 16:36:04', ''),
('0951', 'ODDANCHATRAM', '020', 1068, '2022-09-16 16:36:04', ''),
('0952', 'PALLADAM', '020', 1069, '2022-09-16 16:36:04', ''),
('0953', 'VADAKKUVALLIYUR', '020', 1070, '2022-09-16 16:36:04', ''),
('0954', 'TIRUKALUKUNDRAM', '020', 1071, '2022-09-16 16:36:04', ''),
('0955', 'UTHAMAPALAYAM', '020', 1072, '2022-09-16 16:36:04', ''),
('0956', 'SURANDAI', '020', 1073, '2022-09-16 16:36:04', ''),
('0957', 'SANKARI', '020', 1074, '2022-09-16 16:36:04', ''),
('0958', 'SHENKOTTAI', '020', 1075, '2022-09-16 16:36:04', ''),
('0959', 'VADIPATTI', '020', 1076, '2022-09-16 16:36:04', ''),
('0960', 'SHOLINGUR', '020', 1077, '2022-09-16 16:36:04', ''),
('0961', 'TIRUPATHUR', '020', 1078, '2022-09-16 16:36:04', ''),
('0962', 'MANACHANALLUR', '020', 1079, '2022-09-16 16:36:04', ''),
('0963', 'VISWANATHAM', '020', 1080, '2022-09-16 16:36:04', ''),
('0964', 'POLUR', '020', 1081, '2022-09-16 16:36:04', ''),
('0965', 'PANAGUDI', '020', 1082, '2022-09-16 16:36:04', ''),
('0966', 'UTHIRAMERUR', '020', 1083, '2022-09-16 16:36:04', ''),
('0967', 'THIRUTHURAIPOONDI', '020', 1084, '2022-09-16 16:36:04', ''),
('0968', 'PALLAPATTI', '020', 1085, '2022-09-16 16:36:04', ''),
('0969', 'PONNERI', '020', 1086, '2022-09-16 16:36:04', ''),
('0970', 'LALGUDI', '020', 1087, '2022-09-16 16:36:04', ''),
('0971', 'NATHAM', '020', 1088, '2022-09-16 16:36:04', ''),
('0972', 'UNNAMALAIKADAI', '020', 1089, '2022-09-16 16:36:04', ''),
('0973', 'P.N.PATTI', '020', 1090, '2022-09-16 16:36:04', ''),
('0974', 'THARANGAMBADI', '020', 1091, '2022-09-16 16:36:04', ''),
('0975', 'TITTAKUDI', '020', 1092, '2022-09-16 16:36:04', ''),
('0976', 'PACODE', '020', 1093, '2022-09-16 16:36:04', ''),
('0977', 'O\' VALLEY', '020', 1094, '2022-09-16 16:36:04', ''),
('0978', 'SURIYAMPALAYAM', '020', 1095, '2022-09-16 16:36:04', ''),
('0979', 'SHOLAVANDAN', '020', 1096, '2022-09-16 16:36:04', ''),
('0980', 'THAMMAMPATTI', '020', 1097, '2022-09-16 16:36:04', ''),
('0981', 'NAMAGIRIPETTAI', '020', 1098, '2022-09-16 16:36:04', ''),
('0982', 'PERAVURANI', '020', 1099, '2022-09-16 16:36:04', ''),
('0983', 'PARANGIPETTAI', '020', 1100, '2022-09-16 16:36:04', ''),
('0984', 'PUDUPATTINAM', '020', 1101, '2022-09-16 16:36:04', ''),
('0985', 'PALLIKONDA', '020', 1102, '2022-09-16 16:36:04', ''),
('0986', 'SIVAGIRI', '020', 1103, '2022-09-16 16:36:04', ''),
('0987', 'PUNJAIPUGALUR', '020', 1104, '2022-09-16 16:36:04', ''),
('0988', 'PADMANABHAPURAM', '020', 1105, '2022-09-16 16:36:04', ''),
('0989', 'THIRUPUVANAM', '020', 1106, '2022-09-16 16:36:04', ''),
('0990', 'HYDERABAD', '012', 1107, '2022-09-16 16:36:04', ''),
('0991', 'WARANGAL', '012', 1108, '2022-09-16 16:36:04', ''),
('0992', 'NIZAMABAD', '012', 1109, '2022-09-16 16:36:04', ''),
('0993', 'KARIMNAGAR', '012', 1110, '2022-09-16 16:36:04', ''),
('0994', 'RAMAGUNDAM', '012', 1111, '2022-09-16 16:36:04', ''),
('0995', 'KHAMMAM', '012', 1112, '2022-09-16 16:36:04', ''),
('0996', 'MAHBUBNAGAR', '012', 1113, '2022-09-16 16:36:04', ''),
('0997', 'MANCHERIAL', '012', 1114, '2022-09-16 16:36:04', ''),
('0998', 'ADILABAD', '012', 1115, '2022-09-16 16:36:04', ''),
('0999', 'SURYAPET', '012', 1116, '2022-09-16 16:36:04', ''),
('1000', 'JAGTIAL', '012', 1117, '2022-09-16 16:36:04', ''),
('1001', 'MIRYALAGUDA', '012', 1118, '2022-09-16 16:36:04', ''),
('1002', 'NIRMAL', '012', 1119, '2022-09-16 16:36:04', ''),
('1003', 'KAMAREDDY', '012', 1120, '2022-09-16 16:36:04', ''),
('1004', 'KOTHAGUDEM', '012', 1121, '2022-09-16 16:36:04', ''),
('1005', 'BODHAN', '012', 1122, '2022-09-16 16:36:04', ''),
('1006', 'PALWANCHA', '012', 1123, '2022-09-16 16:36:04', ''),
('1007', 'MANDAMARRI', '012', 1124, '2022-09-16 16:36:04', ''),
('1008', 'KORATLA', '012', 1125, '2022-09-16 16:36:04', ''),
('1009', 'SIRCILLA', '012', 1126, '2022-09-16 16:36:04', ''),
('1010', 'TANDUR', '012', 1127, '2022-09-16 16:36:04', ''),
('1011', 'SIDDIPET', '012', 1128, '2022-09-16 16:36:04', ''),
('1012', 'WANAPARTHY', '012', 1129, '2022-09-16 16:36:04', ''),
('1013', 'KAGAZNAGAR', '012', 1130, '2022-09-16 16:36:04', ''),
('1014', 'GADWAL', '012', 1131, '2022-09-16 16:36:04', ''),
('1015', 'SANGAREDDY', '012', 1132, '2022-09-16 16:36:04', ''),
('1016', 'BELLAMPALLE', '012', 1133, '2022-09-16 16:36:04', ''),
('1017', 'BHONGIR', '012', 1134, '2022-09-16 16:36:04', ''),
('1018', 'VIKARABAD', '012', 1135, '2022-09-16 16:36:04', ''),
('1019', 'JANGAON', '012', 1136, '2022-09-16 16:36:04', ''),
('1020', 'BHADRACHALAM', '012', 1137, '2022-09-16 16:36:04', ''),
('1021', 'BHAINSA', '012', 1138, '2022-09-16 16:36:04', ''),
('1022', 'FAROOQNAGAR', '012', 1139, '2022-09-16 16:36:04', ''),
('1023', 'MEDAK', '012', 1140, '2022-09-16 16:36:04', ''),
('1024', 'GHAZIABAD', '033', 1141, '2022-09-16 16:36:04', ''),
('1025', 'KOLKATA', '035', 1142, '2022-09-16 16:36:04', ''),
('1026', 'DALHOUSIE ', '009', 1143, '2022-09-16 16:36:04', '');

-- --------------------------------------------------------

--
-- Table structure for table `control`
--

CREATE TABLE `control` (
  `cid` char(3) NOT NULL,
  `cname` varchar(50) NOT NULL DEFAULT '',
  `bname` varchar(50) NOT NULL DEFAULT '',
  `badd1` varchar(50) NOT NULL DEFAULT '',
  `badd2` varchar(50) NOT NULL DEFAULT '',
  `bifsc` varchar(15) NOT NULL DEFAULT '',
  `trackno` int(11) NOT NULL,
  `cemail` varchar(50) NOT NULL DEFAULT '',
  `cadd1` varchar(50) NOT NULL DEFAULT '',
  `cadd2` varchar(50) NOT NULL DEFAULT '',
  `cadd3` varchar(50) NOT NULL DEFAULT '',
  `cphone` varchar(40) NOT NULL,
  `gstno` char(20) NOT NULL,
  `cpin` char(10) NOT NULL,
  `statid` char(3) NOT NULL,
  `statdes` char(30) NOT NULL,
  `cinno` varchar(30) NOT NULL DEFAULT ''
) ENGINE=InnoDB DEFAULT CHARSET=utf8mb4 COLLATE=utf8mb4_general_ci;

--
-- Dumping data for table `control`
--

INSERT INTO `control` (`cid`, `cname`, `bname`, `badd1`, `badd2`, `bifsc`, `trackno`, `cemail`, `cadd1`, `cadd2`, `cadd3`, `cphone`, `gstno`, `cpin`, `statid`, `statdes`, `cinno`) VALUES
('001', 'MOHAN BUILDERS', '', '', '', '', 1, '', 'CHANDIGARH', '', '', '99910689306', '06BWCPK7705B2ZW', '', '001', 'PUNJAB', '');

-- --------------------------------------------------------

--
-- Table structure for table `glmast`
--

CREATE TABLE `glmast` (
  `glc` char(8) NOT NULL DEFAULT '',
  `gln` char(80) NOT NULL DEFAULT '',
  `add1` varchar(50) NOT NULL DEFAULT '',
  `add2` varchar(50) NOT NULL DEFAULT '',
  `add3` varchar(50) NOT NULL DEFAULT '',
  `yob` decimal(12,2) NOT NULL DEFAULT 0.00,
  `mob` decimal(12,2) NOT NULL DEFAULT 0.00,
  `uname` varchar(50) NOT NULL DEFAULT '',
  `trackno` int(11) NOT NULL,
  `sysdt` datetime NOT NULL DEFAULT current_timestamp(),
  `dbcr` char(5) NOT NULL DEFAULT '',
  `ctid` char(4) NOT NULL DEFAULT '',
  `pinno` char(15) NOT NULL DEFAULT '',
  `gstno` char(20) NOT NULL DEFAULT '',
  `panno` char(15) NOT NULL DEFAULT '',
  `sttype` char(3) NOT NULL DEFAULT '',
  `phone` char(10) NOT NULL DEFAULT '',
  `bname` char(50) NOT NULL DEFAULT '',
  `brname` char(50) NOT NULL DEFAULT '',
  `ifsc` char(15) NOT NULL DEFAULT '',
  `acno` char(20) NOT NULL DEFAULT '',
  `sdes` varchar(30) NOT NULL,
  `acname` varchar(50) NOT NULL,
  `rem` varchar(150) NOT NULL,
  `sch` char(15) NOT NULL DEFAULT '',
  `actype` char(10) NOT NULL DEFAULT '',
  `dvflg` char(1) NOT NULL,
  `catgid` char(3) NOT NULL
) ENGINE=InnoDB DEFAULT CHARSET=utf8mb4 COLLATE=utf8mb4_general_ci;

--
-- Dumping data for table `glmast`
--

INSERT INTO `glmast` (`glc`, `gln`, `add1`, `add2`, `add3`, `yob`, `mob`, `uname`, `trackno`, `sysdt`, `dbcr`, `ctid`, `pinno`, `gstno`, `panno`, `sttype`, `phone`, `bname`, `brname`, `ifsc`, `acno`, `sdes`, `acname`, `rem`, `sch`, `actype`, `dvflg`, `catgid`) VALUES
('22230001', 'AA', '', '', '', 0.00, 0.00, 'supervisor', 0, '2023-08-07 13:30:09', 'Dr.', '0279', '', '', '', '2G2', '', '', '', '', '', 'UN-REG. DEALER OUTSIDE STATE', '', '', 'A', '', '', '003'),
('22230002', 'PURCHASER', '', '', '', 0.00, 0.00, 'supervisor', 0, '2023-08-07 23:42:36', 'Dr.', '0583', '', '', '', '2G2', '', '', '', '', '', 'UN-REG. DEALER OUTSIDE STATE', '', '', 'T0105', '', '', '003'),
('22230003', 'SELLER', '', '', '', 0.00, 0.00, 'supervisor', 0, '2023-08-07 23:43:08', 'Dr.', '0749', '', '', '', '2G2', '122', '', '', '', '', 'UN-REG. DEALER OUTSIDE STATE', '', '', 'T0106', '', '', '003');

-- --------------------------------------------------------

--
-- Stand-in structure for view `glmast_view`
-- (See below for the actual view)
--
CREATE TABLE `glmast_view` (
`glc` char(8)
,`gln` char(80)
,`add1` varchar(50)
,`add2` varchar(50)
,`add3` varchar(50)
,`yob` decimal(12,2)
,`mob` decimal(12,2)
,`uname` varchar(50)
,`trackno` int(11)
,`sysdt` datetime
,`dbcr` char(5)
,`ctid` char(4)
,`pinno` char(15)
,`gstno` char(20)
,`panno` char(15)
,`sttype` char(3)
,`phone` char(10)
,`bname` char(50)
,`brname` char(50)
,`ifsc` char(15)
,`acno` char(20)
,`sdes` varchar(30)
,`acname` varchar(50)
,`rem` varchar(150)
,`sch` char(15)
,`actype` char(10)
,`dvflg` char(1)
,`catgid` char(3)
,`schdes` varchar(40)
,`city` varchar(50)
,`statid` varchar(3)
,`statdes` varchar(30)
,`catgdes` varchar(30)
);

-- --------------------------------------------------------

--
-- Table structure for table `grpmst`
--

CREATE TABLE `grpmst` (
  `grp` char(3) NOT NULL DEFAULT '',
  `gdes` varchar(30) NOT NULL DEFAULT '',
  `catg` char(1) NOT NULL DEFAULT '',
  `uname` char(20) NOT NULL DEFAULT '',
  `sysdt` datetime NOT NULL DEFAULT current_timestamp(),
  `trackno` int(11) NOT NULL,
  `yr` char(5) NOT NULL DEFAULT '',
  `aflag` char(1) NOT NULL DEFAULT '',
  `adttm` datetime NOT NULL DEFAULT current_timestamp(),
  `sesno` int(11) NOT NULL DEFAULT 0,
  `sgrp` char(3) NOT NULL DEFAULT '',
  `sgdes` char(30) NOT NULL DEFAULT '',
  `sflg` char(1) NOT NULL DEFAULT '',
  `rem` char(40) NOT NULL DEFAULT ''
) ENGINE=InnoDB DEFAULT CHARSET=utf8mb4 COLLATE=utf8mb4_general_ci;

--
-- Dumping data for table `grpmst`
--

INSERT INTO `grpmst` (`grp`, `gdes`, `catg`, `uname`, `sysdt`, `trackno`, `yr`, `aflag`, `adttm`, `sesno`, `sgrp`, `sgdes`, `sflg`, `rem`) VALUES
('001', 'GRPS', '', 'supervisor', '2023-08-07 12:52:36', 0, '', '', '2023-08-07 12:52:36', 0, '', '', '', '');

-- --------------------------------------------------------

--
-- Table structure for table `gstcatg`
--

CREATE TABLE `gstcatg` (
  `gsttype` char(3) NOT NULL DEFAULT '',
  `gstdes` varchar(30) NOT NULL DEFAULT '',
  `gper1` decimal(12,2) NOT NULL DEFAULT 0.00,
  `gper2` decimal(12,2) NOT NULL DEFAULT 0.00,
  `gper3` decimal(12,2) NOT NULL DEFAULT 0.00,
  `gper4` decimal(12,2) NOT NULL DEFAULT 0.00,
  `gstype` char(10) NOT NULL DEFAULT '',
  `uname` char(20) NOT NULL DEFAULT '',
  `sysdt` datetime NOT NULL DEFAULT current_timestamp(),
  `yr` char(5) NOT NULL DEFAULT '',
  `aflag` char(1) NOT NULL DEFAULT '',
  `adttm` datetime NOT NULL DEFAULT '1900-01-01 00:00:00',
  `rem` char(40) NOT NULL DEFAULT '',
  `trackno` int(11) NOT NULL
) ENGINE=InnoDB DEFAULT CHARSET=utf8mb4 COLLATE=utf8mb4_general_ci;

--
-- Dumping data for table `gstcatg`
--

INSERT INTO `gstcatg` (`gsttype`, `gstdes`, `gper1`, `gper2`, `gper3`, `gper4`, `gstype`, `uname`, `sysdt`, `yr`, `aflag`, `adttm`, `rem`, `trackno`) VALUES
('001', '5 %', 2.50, 2.50, 5.00, 0.00, 'GOODS', 'supervisor', '2023-08-07 13:41:00', '', '', '1900-01-01 00:00:00', '', 0);

-- --------------------------------------------------------

--
-- Table structure for table `mainmenu`
--

CREATE TABLE `mainmenu` (
  `optn` char(4) NOT NULL DEFAULT '',
  `optdes` varchar(50) NOT NULL DEFAULT '',
  `catg` char(2) NOT NULL DEFAULT '',
  `pg` varchar(50) NOT NULL DEFAULT '',
  `trackno` int(11) NOT NULL,
  `tc` char(3) NOT NULL,
  `orderno` int(11) NOT NULL,
  `grps` char(50) NOT NULL
) ENGINE=InnoDB DEFAULT CHARSET=utf8mb4 COLLATE=utf8mb4_general_ci;

--
-- Dumping data for table `mainmenu`
--

INSERT INTO `mainmenu` (`optn`, `optdes`, `catg`, `pg`, `trackno`, `tc`, `orderno`, `grps`) VALUES
('01', 'PRODUCT MASTER', 'M', 'prod.php', 1, '', 1, ''),
('02', 'UNIT MASTER', 'M', 'unitmst.php', 2, '', 2, ''),
('03', 'GROUP MASTER', 'M', 'grpmst.php', 3, '', 3, ''),
('04', 'GST CATEGORY', 'M', 'gstcatg.php', 4, '', 4, ''),
('05', 'ACCOUNT MASTER', 'M', 'glmast.php', 5, '', 5, ''),
('06', 'PURCHASE BILL', 'T', 'purc.php', 6, 'P1', 6, ''),
('07', 'SALE BILL', 'T', 'sale.php', 7, 'S11', 7, ''),
('08', 'STOCK REPORT', 'R', 'stkrpt.php', 8, '', 8, ''),
('09', 'TRANSACTION REPORT', 'R', 'trrpt.php', 9, '', 9, '');

-- --------------------------------------------------------

--
-- Table structure for table `prod`
--

CREATE TABLE `prod` (
  `pcode` char(8) NOT NULL DEFAULT '',
  `pname` varchar(80) NOT NULL DEFAULT '',
  `yob` decimal(10,2) NOT NULL DEFAULT 0.00,
  `yobamt` decimal(12,2) NOT NULL DEFAULT 0.00,
  `prate` decimal(10,2) NOT NULL DEFAULT 0.00,
  `srate` decimal(10,2) NOT NULL DEFAULT 0.00,
  `grp` char(3) NOT NULL DEFAULT '',
  `catg` char(1) NOT NULL DEFAULT '',
  `srate1` decimal(10,2) NOT NULL DEFAULT 0.00,
  `rem` varchar(30) NOT NULL DEFAULT '',
  `sper` decimal(7,2) NOT NULL DEFAULT 0.00,
  `glc1` char(8) NOT NULL DEFAULT '',
  `glc2` char(8) NOT NULL DEFAULT '',
  `pack` decimal(6,2) NOT NULL DEFAULT 0.00,
  `size` decimal(5,0) NOT NULL DEFAULT 0,
  `grqty` decimal(10,2) NOT NULL DEFAULT 0.00,
  `prdn` decimal(6,0) NOT NULL DEFAULT 0,
  `thead` varchar(30) NOT NULL DEFAULT '',
  `packing` char(15) NOT NULL DEFAULT '',
  `trackno` int(11) NOT NULL,
  `aflag` char(1) NOT NULL DEFAULT '',
  `adttm` datetime NOT NULL DEFAULT current_timestamp(),
  `cglc` char(8) NOT NULL DEFAULT '',
  `cgln` varchar(80) NOT NULL DEFAULT '',
  `hsncode` char(15) NOT NULL DEFAULT '',
  `rcflg` char(1) NOT NULL DEFAULT '',
  `gper4` decimal(6,2) NOT NULL DEFAULT 0.00,
  `gsttype` char(3) NOT NULL DEFAULT '',
  `sysdt` datetime NOT NULL DEFAULT current_timestamp(),
  `uname` char(20) NOT NULL DEFAULT '',
  `yr` char(5) NOT NULL DEFAULT '',
  `sesno` int(11) NOT NULL DEFAULT 0,
  `unid` char(3) NOT NULL DEFAULT '',
  `agrp` char(3) NOT NULL DEFAULT '',
  `agdes` char(30) NOT NULL DEFAULT '',
  `cid` char(3) NOT NULL DEFAULT '',
  `sgrp` char(3) NOT NULL DEFAULT '',
  `sgdes` char(30) NOT NULL DEFAULT '',
  `des` char(50) NOT NULL DEFAULT '',
  `srater1` decimal(12,2) NOT NULL DEFAULT 0.00,
  `srater2` decimal(12,2) NOT NULL DEFAULT 0.00,
  `minstk` decimal(12,2) NOT NULL DEFAULT 0.00,
  `modelno` char(15) NOT NULL DEFAULT '',
  `make` char(50) NOT NULL DEFAULT '',
  `lflg` char(1) NOT NULL DEFAULT '',
  `srate2` decimal(10,2) NOT NULL DEFAULT 0.00,
  `eflag` char(1) NOT NULL DEFAULT '',
  `qpp` decimal(10,2) NOT NULL DEFAULT 0.00,
  `cqpp` decimal(10,2) NOT NULL DEFAULT 0.00,
  `minqty` decimal(10,2) NOT NULL DEFAULT 0.00,
  `maxqty` decimal(10,2) NOT NULL DEFAULT 0.00,
  `nop` decimal(10,2) NOT NULL DEFAULT 0.00
) ENGINE=InnoDB DEFAULT CHARSET=utf8mb4 COLLATE=utf8mb4_general_ci;

--
-- Dumping data for table `prod`
--

INSERT INTO `prod` (`pcode`, `pname`, `yob`, `yobamt`, `prate`, `srate`, `grp`, `catg`, `srate1`, `rem`, `sper`, `glc1`, `glc2`, `pack`, `size`, `grqty`, `prdn`, `thead`, `packing`, `trackno`, `aflag`, `adttm`, `cglc`, `cgln`, `hsncode`, `rcflg`, `gper4`, `gsttype`, `sysdt`, `uname`, `yr`, `sesno`, `unid`, `agrp`, `agdes`, `cid`, `sgrp`, `sgdes`, `des`, `srater1`, `srater2`, `minstk`, `modelno`, `make`, `lflg`, `srate2`, `eflag`, `qpp`, `cqpp`, `minqty`, `maxqty`, `nop`) VALUES
('22230001', 'NEW PRODUCT', 0.00, 0.00, 0.00, 0.00, '001', '', 0.00, '', 0.00, '', '', 0.00, 0, 0.00, 0, '', '', 0, '', '2023-08-07 13:41:17', '', '', '1', '', 0.00, '001', '2023-08-07 13:41:17', 'supervisor', '', 0, '001', '', '', '', '', '', '', 0.00, 0.00, 0.00, '', '', '', 0.00, '', 0.00, 0.00, 0.00, 0.00, 0.00);

-- --------------------------------------------------------

--
-- Stand-in structure for view `prod_view`
-- (See below for the actual view)
--
CREATE TABLE `prod_view` (
`pcode` char(8)
,`pname` varchar(80)
,`yob` decimal(10,2)
,`yobamt` decimal(12,2)
,`prate` decimal(10,2)
,`srate` decimal(10,2)
,`grp` char(3)
,`catg` char(1)
,`srate1` decimal(10,2)
,`rem` varchar(30)
,`sper` decimal(7,2)
,`glc1` char(8)
,`glc2` char(8)
,`pack` decimal(6,2)
,`size` decimal(5,0)
,`grqty` decimal(10,2)
,`prdn` decimal(6,0)
,`thead` varchar(30)
,`packing` char(15)
,`trackno` int(11)
,`aflag` char(1)
,`adttm` datetime
,`cglc` char(8)
,`cgln` varchar(80)
,`hsncode` char(15)
,`rcflg` char(1)
,`gper4` decimal(6,2)
,`gsttype` char(3)
,`sysdt` datetime
,`uname` char(20)
,`yr` char(5)
,`sesno` int(11)
,`unid` char(3)
,`agrp` char(3)
,`agdes` char(30)
,`cid` char(3)
,`sgrp` char(3)
,`sgdes` char(30)
,`des` char(50)
,`srater1` decimal(12,2)
,`srater2` decimal(12,2)
,`minstk` decimal(12,2)
,`modelno` char(15)
,`make` char(50)
,`lflg` char(1)
,`srate2` decimal(10,2)
,`eflag` char(1)
,`qpp` decimal(10,2)
,`cqpp` decimal(10,2)
,`minqty` decimal(10,2)
,`maxqty` decimal(10,2)
,`nop` decimal(10,2)
,`gln1` char(80)
,`gdes` varchar(30)
,`gstdes` varchar(30)
,`gper1` decimal(12,2)
,`gper2` decimal(12,2)
,`gper3` decimal(12,2)
,`gstype` char(10)
,`gln2` char(80)
,`unit` varchar(10)
);

-- --------------------------------------------------------

--
-- Table structure for table `sale`
--

CREATE TABLE `sale` (
  `tc` char(3) NOT NULL DEFAULT '',
  `ser` char(5) NOT NULL DEFAULT '',
  `docno` char(8) NOT NULL DEFAULT '',
  `docdt` date NOT NULL DEFAULT '1900-01-01',
  `glc` char(8) NOT NULL DEFAULT '',
  `pcode` char(8) NOT NULL DEFAULT '',
  `pstrackno` int(11) NOT NULL DEFAULT 0,
  `bags` decimal(6,0) NOT NULL DEFAULT 0,
  `sstrackno` int(11) NOT NULL DEFAULT 0,
  `qty` decimal(10,3) NOT NULL DEFAULT 0.000,
  `flag` char(1) NOT NULL DEFAULT '',
  `idno` decimal(7,0) NOT NULL DEFAULT 0,
  `bqty` decimal(8,2) NOT NULL DEFAULT 0.00,
  `stkflg` char(1) NOT NULL DEFAULT '',
  `pname` char(80) NOT NULL DEFAULT '',
  `rate` decimal(10,2) NOT NULL DEFAULT 0.00,
  `amount` decimal(10,2) NOT NULL DEFAULT 0.00,
  `gln` char(80) NOT NULL DEFAULT '',
  `billno` char(20) NOT NULL DEFAULT '',
  `des` char(30) NOT NULL DEFAULT '',
  `exp` decimal(10,2) NOT NULL DEFAULT 0.00,
  `billdt` date NOT NULL DEFAULT '1900-01-01',
  `unit` varchar(10) NOT NULL DEFAULT '',
  `strackno` int(11) NOT NULL,
  `stc` char(3) NOT NULL DEFAULT '',
  `sser` char(5) NOT NULL DEFAULT '',
  `sdocno` char(8) NOT NULL DEFAULT '',
  `shtqty` decimal(10,3) NOT NULL DEFAULT 0.000,
  `rtype` char(1) NOT NULL DEFAULT '',
  `pflag` char(1) NOT NULL DEFAULT '',
  `refno` char(12) NOT NULL DEFAULT '',
  `aflag` char(1) NOT NULL DEFAULT '',
  `adttm` datetime NOT NULL DEFAULT current_timestamp(),
  `lotno` char(10) NOT NULL DEFAULT '',
  `shade` char(20) NOT NULL DEFAULT '',
  `wpb` decimal(6,2) NOT NULL DEFAULT 0.00,
  `glc1` char(8) NOT NULL DEFAULT '',
  `gln1` varchar(80) NOT NULL DEFAULT '',
  `prate` decimal(10,2) NOT NULL DEFAULT 0.00,
  `ptc` char(3) NOT NULL DEFAULT '',
  `pser` char(5) NOT NULL DEFAULT '',
  `pdocno` char(8) NOT NULL DEFAULT '',
  `short` decimal(10,3) NOT NULL DEFAULT 0.000,
  `rate1` decimal(10,3) NOT NULL DEFAULT 0.000,
  `pterm` varchar(50) NOT NULL DEFAULT '',
  `bglc` char(8) NOT NULL DEFAULT '',
  `bgln` varchar(80) NOT NULL DEFAULT '',
  `short1` decimal(10,3) NOT NULL DEFAULT 0.000,
  `exmill` char(1) NOT NULL DEFAULT '',
  `tax` char(1) NOT NULL DEFAULT '',
  `lessper` decimal(6,2) NOT NULL DEFAULT 0.00,
  `less` decimal(10,2) NOT NULL DEFAULT 0.00,
  `gper1` decimal(6,2) NOT NULL DEFAULT 0.00,
  `gper2` decimal(6,2) NOT NULL DEFAULT 0.00,
  `gper3` decimal(6,2) NOT NULL DEFAULT 0.00,
  `gstax1` decimal(10,2) NOT NULL DEFAULT 0.00,
  `gstax2` decimal(10,2) NOT NULL DEFAULT 0.00,
  `gstax3` decimal(10,2) NOT NULL DEFAULT 0.00,
  `sttype` char(3) NOT NULL DEFAULT '',
  `sdes` varchar(30) NOT NULL DEFAULT '',
  `hsncode` char(15) NOT NULL DEFAULT '',
  `rcflg` char(1) NOT NULL DEFAULT '',
  `sexp` decimal(10,2) NOT NULL DEFAULT 0.00,
  `gstax4` decimal(10,2) NOT NULL DEFAULT 0.00,
  `gstax5` decimal(10,2) NOT NULL DEFAULT 0.00,
  `gsttype` char(3) NOT NULL DEFAULT '',
  `gstdes` varchar(30) NOT NULL DEFAULT '',
  `sysdt` datetime NOT NULL DEFAULT current_timestamp(),
  `uname` char(20) NOT NULL DEFAULT '',
  `yr` char(5) NOT NULL DEFAULT '',
  `vchno` decimal(8,0) NOT NULL DEFAULT 0,
  `dumpid` char(3) NOT NULL DEFAULT '',
  `dumpdes` char(30) NOT NULL DEFAULT '',
  `brate` decimal(12,2) NOT NULL DEFAULT 0.00,
  `schmid` char(3) NOT NULL DEFAULT '',
  `grpc` char(3) NOT NULL DEFAULT '',
  `grp` char(3) NOT NULL DEFAULT '',
  `sgrp` char(3) NOT NULL DEFAULT '',
  `cid` char(3) NOT NULL DEFAULT '',
  `make` char(50) NOT NULL DEFAULT '',
  `lessper1` decimal(10,2) NOT NULL DEFAULT 0.00,
  `less1` decimal(10,2) NOT NULL DEFAULT 0.00,
  `less2` decimal(10,2) NOT NULL DEFAULT 0.00,
  `sexp1` decimal(10,2) NOT NULL DEFAULT 0.00,
  `gamount` decimal(10,2) NOT NULL DEFAULT 0.00,
  `sgper` decimal(10,2) NOT NULL DEFAULT 0.00,
  `gper` decimal(10,2) NOT NULL DEFAULT 0.00,
  `lessper2` decimal(10,2) NOT NULL DEFAULT 0.00,
  `rep` char(3) NOT NULL DEFAULT '',
  `repname` char(30) NOT NULL DEFAULT '',
  `dflg` char(1) NOT NULL DEFAULT '',
  `orderno` char(50) NOT NULL DEFAULT '',
  `skucode` char(8) NOT NULL DEFAULT '',
  `ltrqty` decimal(10,2) NOT NULL DEFAULT 0.00,
  `vehno` varchar(30) NOT NULL DEFAULT '',
  `oflag` char(1) NOT NULL DEFAULT '',
  `unid` char(3) NOT NULL DEFAULT '',
  `oflg` char(1) NOT NULL DEFAULT '',
  `pglc` char(8) NOT NULL DEFAULT '',
  `pgln` char(80) NOT NULL DEFAULT ''
) ENGINE=InnoDB DEFAULT CHARSET=utf8mb4 COLLATE=utf8mb4_general_ci;

--
-- Dumping data for table `sale`
--

INSERT INTO `sale` (`tc`, `ser`, `docno`, `docdt`, `glc`, `pcode`, `pstrackno`, `bags`, `sstrackno`, `qty`, `flag`, `idno`, `bqty`, `stkflg`, `pname`, `rate`, `amount`, `gln`, `billno`, `des`, `exp`, `billdt`, `unit`, `strackno`, `stc`, `sser`, `sdocno`, `shtqty`, `rtype`, `pflag`, `refno`, `aflag`, `adttm`, `lotno`, `shade`, `wpb`, `glc1`, `gln1`, `prate`, `ptc`, `pser`, `pdocno`, `short`, `rate1`, `pterm`, `bglc`, `bgln`, `short1`, `exmill`, `tax`, `lessper`, `less`, `gper1`, `gper2`, `gper3`, `gstax1`, `gstax2`, `gstax3`, `sttype`, `sdes`, `hsncode`, `rcflg`, `sexp`, `gstax4`, `gstax5`, `gsttype`, `gstdes`, `sysdt`, `uname`, `yr`, `vchno`, `dumpid`, `dumpdes`, `brate`, `schmid`, `grpc`, `grp`, `sgrp`, `cid`, `make`, `lessper1`, `less1`, `less2`, `sexp1`, `gamount`, `sgper`, `gper`, `lessper2`, `rep`, `repname`, `dflg`, `orderno`, `skucode`, `ltrqty`, `vehno`, `oflag`, `unid`, `oflg`, `pglc`, `pgln`) VALUES
('P11', '2223', '1', '2023-08-07', '22230003', '22230001', 0, 0, 0, 10.000, '', 0, 0.00, '', 'NEW PRODUCT', 100.00, 1050.00, 'SELLER', '1', '', 0.00, '2023-08-07', 'NEWS', 0, '', '', '', 0.000, '', '', '', '', '2023-08-08 00:00:33', '', '', 0.00, '', '', 0.00, '', '', '', 0.000, 0.000, '', '', '', 0.000, '', '', 0.00, 0.00, 0.00, 0.00, 5.00, 0.00, 0.00, 50.00, '2G2', 'UN-REG. DEALER OUTSIDE STATE', '', '', 0.00, 0.00, 0.00, '001', '5 %', '2023-08-08 00:00:33', 'supervisor', '', 0, '', '', 0.00, '', '', '', '', '', '', 0.00, 0.00, 0.00, 0.00, 1000.00, 0.00, 0.00, 0.00, '', '', '', '', '', 0.00, '', '', '', '', '22230002', 'PURCHASER');

-- --------------------------------------------------------

--
-- Table structure for table `schmst`
--

CREATE TABLE `schmst` (
  `sch` char(20) NOT NULL,
  `schdes` char(40) NOT NULL,
  `cat` char(1) NOT NULL,
  `sgdes` char(35) NOT NULL,
  `sumsts` char(1) NOT NULL,
  `sps` int(2) NOT NULL,
  `trackno` int(11) NOT NULL,
  `glc` int(8) NOT NULL,
  `gln` varchar(30) NOT NULL,
  `mainsch` char(20) NOT NULL DEFAULT '',
  `dvflg` char(1) NOT NULL DEFAULT 'N'
) ENGINE=InnoDB DEFAULT CHARSET=utf8mb4 COLLATE=utf8mb4_general_ci;

--
-- Dumping data for table `schmst`
--

INSERT INTO `schmst` (`sch`, `schdes`, `cat`, `sgdes`, `sumsts`, `sps`, `trackno`, `glc`, `gln`, `mainsch`, `dvflg`) VALUES
('A', 'ASSETS', '', '', '', 0, 1, 0, '', '', 'Y'),
('L', 'LIABILITIES', '', '', '', 0, 9, 0, '', '', 'Y'),
('P', 'PROFIT & LOSS A/C', '', '', '', 0, 17, 0, '', '', 'Y'),
('T', 'TRADING A/C', '', '', '', 0, 23, 0, '', '', 'Y'),
('L01', 'CAPITAL ACCOUNT', '', 'GROUP', 'N', 0, 62, 0, '', 'L', 'Y'),
('A01', 'CURRENT ASSETS', '', 'GROUP', 'N', 0, 63, 0, '', 'A', 'Y'),
('L02', 'CURRENT LIABILITIES', '', 'GROUP', 'N', 0, 64, 0, '', 'L', 'Y'),
('A02', 'FIXED ASSETS', '', 'GROUP', 'N', 0, 65, 0, '', 'A', 'Y'),
('A03', 'INVESTMENTS', '', 'GROUP', 'N', 0, 66, 0, '', 'A', 'Y'),
('L03', 'LOANS (LIABILITY)', '', 'GROUP', 'N', 0, 67, 0, '', 'L', 'Y'),
('P01', 'PRE-OPERATIVE EXPENSES', '', 'GROUP', 'N', 0, 68, 0, '', 'P', 'Y'),
('P02', 'PROFIT & LOSS', '', 'GROUP', 'N', 0, 69, 0, '', 'P', 'Y'),
('T01', 'REVENUE ACCOUNTS', '', 'GROUP', 'N', 0, 70, 0, '', 'T', 'Y'),
('P03', 'SUSPENSE ACCOUNT', '', 'GROUP', 'N', 0, 71, 0, '', 'P', 'Y'),
('L0101', 'RESERVES & SURPLUS', '', 'MEMBER', 'N', 0, 72, 0, '', 'L01', 'Y'),
('A0101', 'BANK ACCOUNTS', '', 'MEMBER', 'N', 0, 73, 0, '', 'A01', 'Y'),
('A0102', 'CASH-IN-HAND', '', 'MEMBER', 'N', 0, 74, 0, '', 'A01', 'Y'),
('A0103', 'LOANS & ADVANCES (ASSET)', '', 'MEMBER', 'N', 0, 75, 0, '', 'A01', 'Y'),
('A0104', 'SECURITIES & DEPOSITS (ASSET)', '', 'MEMBER', 'N', 0, 76, 0, '', 'A01', 'Y'),
('A0105', 'STOCK-IN-HAND', '', 'MEMBER', 'N', 0, 77, 0, '', 'A01', 'Y'),
('A0106', 'SUNDRY DEBTORS', '', 'MEMBER', 'N', 0, 78, 0, '', 'A01', 'Y'),
('L0201', 'DUTIES & TAXES', '', 'MEMBER', 'N', 0, 79, 0, '', 'L02', 'Y'),
('L0202', 'PROVISIONS/EXPENSES PAYABLE', '', 'MEMBER', 'N', 0, 80, 0, '', 'L02', 'Y'),
('L0203', 'SUNDRY CREDITORS', '', 'MEMBER', 'N', 0, 81, 0, '', 'L02', 'Y'),
('L0301', 'BANK O/D ACCOUNT', '', 'MEMBER', 'N', 0, 82, 0, '', 'L03', 'Y'),
('L0302', 'SECURED LOANS', '', 'MEMBER', 'N', 0, 83, 0, '', 'L03', 'Y'),
('L0303', 'UNSECURED LOANS', '', 'MEMBER', 'N', 0, 84, 0, '', 'L03', 'Y'),
('T0101', 'EXPENSES (DIRECT/MFG.)', '', 'MEMBER', 'N', 0, 85, 0, '', 'T01', 'Y'),
('T0102', 'EXPENSES (INDIRECT/ADMN.)', '', 'MEMBER', 'N', 0, 86, 0, '', 'T01', 'Y'),
('T0103', 'INCOME (DIRECT/OPR.)', '', 'MEMBER', 'N', 0, 87, 0, '', 'T01', 'Y'),
('T0104', 'INCOME (INDIRECT)', '', 'MEMBER', 'N', 0, 88, 0, '', 'T01', 'Y'),
('T0105', 'PURCHASE', '', 'MEMBER', 'N', 0, 89, 0, '', 'T01', 'Y'),
('T0106', 'SALE', '', 'MEMBER', 'N', 0, 90, 0, '', 'T01', 'Y');

-- --------------------------------------------------------

--
-- Table structure for table `states`
--

CREATE TABLE `states` (
  `statid` char(3) NOT NULL DEFAULT '',
  `statdes` char(30) NOT NULL DEFAULT '',
  `trackno` int(11) NOT NULL,
  `uname` varchar(20) NOT NULL DEFAULT ''
) ENGINE=InnoDB DEFAULT CHARSET=utf8mb4 COLLATE=utf8mb4_general_ci;

--
-- Dumping data for table `states`
--

INSERT INTO `states` (`statid`, `statdes`, `trackno`, `uname`) VALUES
('001', 'MANIPUR', 33, 'supervisor'),
('002', 'PUDUCHERRY', 34, 'supervisor'),
('003', 'GUJARAT', 35, 'supervisor'),
('004', 'KARNATAKA', 36, 'supervisor'),
('005', 'GOA', 37, 'supervisor'),
('006', 'CHHATTISGARH', 38, 'supervisor'),
('007', 'KERALA', 39, 'supervisor'),
('008', 'RAJASTHAN', 40, 'supervisor'),
('009', 'HIMACHAL PRADESH', 41, 'supervisor'),
('010', 'ARUNACHAL PRADESH', 42, 'supervisor'),
('011', 'CHANDIGARH', 43, 'supervisor'),
('012', 'TELANGANA', 44, 'supervisor'),
('013', 'PUNJAB', 45, 'supervisor'),
('014', 'JHARKHAND', 46, 'supervisor'),
('015', 'MIZORAM', 47, 'supervisor'),
('016', 'MADHYA PRADESH', 48, 'supervisor'),
('017', 'MAHARASHTRA', 49, 'supervisor'),
('018', 'ANDAMAN AND NICOBAR ISLANDS', 50, 'supervisor'),
('019', 'ASSAM', 51, 'supervisor'),
('020', 'TAMIL NADU', 52, 'supervisor'),
('021', 'HARYANA', 53, 'supervisor'),
('022', 'NAGALAND', 54, 'supervisor'),
('023', 'ANDHRA PRADESH', 55, 'supervisor'),
('024', 'BIHAR', 56, 'supervisor'),
('025', 'DADRA AND NAGAR HAVELI', 57, 'supervisor'),
('026', 'ODISHA', 58, 'supervisor'),
('027', 'MEGHALAYA', 59, 'supervisor'),
('028', 'JAMMU AND KASHMIR', 60, 'supervisor'),
('029', 'KARNATKA', 61, 'supervisor'),
('030', 'DELHI', 62, 'supervisor'),
('031', 'SIKKIM', 63, 'supervisor'),
('032', 'TRIPURA', 64, 'supervisor'),
('033', 'UTTAR PRADESH', 65, 'supervisor'),
('034', 'UTTARAKHAND', 66, 'supervisor'),
('035', 'WEST BENGAL', 67, 'supervisor'),
('036', 'LADAKH', 68, 'supervisor'),
('037', 'LAKSHADWEEP', 69, 'supervisor'),
('099', 'OUTSIDE INDIA', 70, 'supervisor'),
('001', 'PUNJAB', 73, 'supervisor'),
('001', 'PUNJAB', 74, 'supervisor');

-- --------------------------------------------------------

--
-- Stand-in structure for view `stk1_view`
-- (See below for the actual view)
--
CREATE TABLE `stk1_view` (
`trackno` int(11)
,`prate` decimal(10,2)
,`srate` decimal(10,2)
,`tc` char(3)
,`ser` char(5)
,`docno` char(8)
,`docdt` date
,`grp` char(3)
,`pcode` char(8)
,`pname` varchar(80)
,`yob` decimal(11,3)
,`qty1` decimal(10,3)
,`qty2` decimal(10,3)
,`qty3` decimal(3,2)
,`qty4` decimal(3,2)
,`qty5` decimal(3,2)
,`mob` decimal(3,2)
,`mobamt` decimal(3,2)
);

-- --------------------------------------------------------

--
-- Stand-in structure for view `stk_view`
-- (See below for the actual view)
--
CREATE TABLE `stk_view` (
`grp` char(3)
,`pcode` char(8)
,`pname` varchar(80)
,`yob` decimal(33,3)
,`qty1` decimal(32,3)
,`qty2` decimal(32,3)
,`qty3` decimal(25,2)
,`qty4` decimal(25,2)
,`qty5` decimal(25,2)
);

-- --------------------------------------------------------

--
-- Table structure for table `taxmst`
--

CREATE TABLE `taxmst` (
  `vsts` char(1) NOT NULL DEFAULT '',
  `vdes` char(30) NOT NULL DEFAULT '',
  `sstype` char(1) NOT NULL DEFAULT '',
  `ssdes` varchar(30) NOT NULL DEFAULT '',
  `sttype` char(3) NOT NULL DEFAULT '',
  `sdes` varchar(30) NOT NULL DEFAULT '',
  `sper` decimal(6,2) NOT NULL DEFAULT 0.00,
  `pglc` char(8) NOT NULL DEFAULT '',
  `pgln` varchar(80) NOT NULL DEFAULT '',
  `sglc` char(8) NOT NULL DEFAULT '',
  `sgln` varchar(80) NOT NULL DEFAULT '',
  `ptglc` char(8) NOT NULL DEFAULT '',
  `stglc` char(8) NOT NULL DEFAULT '',
  `ptgln` varchar(80) NOT NULL DEFAULT '',
  `stgln` varchar(80) NOT NULL DEFAULT '',
  `formno` varchar(15) NOT NULL DEFAULT '',
  `sysdt` datetime NOT NULL DEFAULT current_timestamp(),
  `uid` char(20) NOT NULL DEFAULT '',
  `yr` char(5) NOT NULL DEFAULT '',
  `trackno` int(11) NOT NULL,
  `aflag` char(1) NOT NULL DEFAULT '',
  `adttm` datetime NOT NULL DEFAULT current_timestamp(),
  `rem` char(30) NOT NULL DEFAULT '',
  `sesno` int(11) NOT NULL DEFAULT 0,
  `ptsgln` char(80) NOT NULL DEFAULT '',
  `ptsglc` char(8) NOT NULL DEFAULT '',
  `stsglc` char(8) NOT NULL DEFAULT '',
  `stsgln` char(80) NOT NULL DEFAULT ''
) ENGINE=InnoDB DEFAULT CHARSET=utf8mb4 COLLATE=utf8mb4_general_ci;

--
-- Dumping data for table `taxmst`
--

INSERT INTO `taxmst` (`vsts`, `vdes`, `sstype`, `ssdes`, `sttype`, `sdes`, `sper`, `pglc`, `pgln`, `sglc`, `sgln`, `ptglc`, `stglc`, `ptgln`, `stgln`, `formno`, `sysdt`, `uid`, `yr`, `trackno`, `aflag`, `adttm`, `rem`, `sesno`, `ptsgln`, `ptsglc`, `stsglc`, `stsgln`) VALUES
('1', 'WITH IN STATE', 'G', 'GST', '1G1', 'REG. DEALER WITHIN STATE', 0.00, '', '', '', '', '', '', '', '', '', '0000-00-00 00:00:00', '', '', 3, '', '0000-00-00 00:00:00', '0', 0, '', '', '', ''),
('1', 'WITH IN STATE', 'G', 'GST', '1G2', 'UN-REG. DEALER WITHIN STATE', 0.00, '', '', '', '', '', '', '', '', '', '0000-00-00 00:00:00', '', '', 4, '', '0000-00-00 00:00:00', '0', 0, '', '', '', ''),
('2', 'OUTSIDE STATE', 'G', 'GST', '2G1', 'REG. DEALER OUTSIDE STATE', 0.00, '', '', '', '', '', '', '', '', '', '0000-00-00 00:00:00', '', '', 5, '', '0000-00-00 00:00:00', '0', 0, '', '', '', ''),
('2', 'OUTSIDE STATE', 'G', 'GST', '2G2', 'UN-REG. DEALER OUTSIDE STATE', 0.00, '', '', '', '', '', '', '', '', '', '0000-00-00 00:00:00', '', '', 6, '', '0000-00-00 00:00:00', '0', 0, '', '', '', ''),
('2', 'OUTSIDE STATE', 'G', 'GST', '2G3', 'IMPORT /EXPORT', 0.00, '', '', '', '', '', '', '', '', '', '0000-00-00 00:00:00', '', '', 7, '', '0000-00-00 00:00:00', '0', 0, '', '', '', '');

-- --------------------------------------------------------

--
-- Table structure for table `unitmst`
--

CREATE TABLE `unitmst` (
  `unid` char(3) NOT NULL DEFAULT '',
  `unit` varchar(10) NOT NULL DEFAULT '',
  `trackno` int(11) NOT NULL,
  `sysdt` datetime NOT NULL DEFAULT current_timestamp(),
  `uname` varchar(20) NOT NULL DEFAULT '',
  `sesno` int(11) NOT NULL DEFAULT 0
) ENGINE=InnoDB DEFAULT CHARSET=utf8mb4 COLLATE=utf8mb4_general_ci;

--
-- Dumping data for table `unitmst`
--

INSERT INTO `unitmst` (`unid`, `unit`, `trackno`, `sysdt`, `uname`, `sesno`) VALUES
('001', 'NEWS', 0, '2023-08-07 12:49:37', 'supervisor', 0);

-- --------------------------------------------------------

--
-- Table structure for table `userdet`
--

CREATE TABLE `userdet` (
  `uname` varchar(20) NOT NULL DEFAULT '',
  `optn` char(4) NOT NULL DEFAULT '',
  `optdes` varchar(50) NOT NULL DEFAULT '',
  `catg` char(2) NOT NULL DEFAULT '',
  `pg` varchar(50) NOT NULL DEFAULT '',
  `eflg` tinyint(1) NOT NULL DEFAULT 0,
  `aflg` tinyint(1) NOT NULL DEFAULT 0,
  `mflg` tinyint(1) NOT NULL DEFAULT 0,
  `dflg` tinyint(1) NOT NULL DEFAULT 0,
  `trackno` int(11) NOT NULL,
  `tc` char(3) NOT NULL,
  `orderno` int(11) NOT NULL,
  `grps` char(50) NOT NULL
) ENGINE=InnoDB DEFAULT CHARSET=utf8mb4 COLLATE=utf8mb4_general_ci;

--
-- Dumping data for table `userdet`
--

INSERT INTO `userdet` (`uname`, `optn`, `optdes`, `catg`, `pg`, `eflg`, `aflg`, `mflg`, `dflg`, `trackno`, `tc`, `orderno`, `grps`) VALUES
('SUPERVISOR', '01', 'PRODUCT MASTER', 'M', 'prod.php', 1, 1, 1, 1, 1, '', 1, ''),
('SUPERVISOR', '02', 'UNIT MASTER', 'M', 'unitmst.php', 1, 1, 1, 1, 2, '', 2, ''),
('SUPERVISOR', '03', 'GROUP MASTER', 'M', 'grpmst.php', 1, 1, 1, 1, 3, '', 3, ''),
('SUPERVISOR', '04', 'GST CATEGORY', 'M', 'gstcatg.php', 1, 1, 1, 1, 4, '', 4, ''),
('SUPERVISOR', '05', 'ACCOUNT MASTER', 'M', 'glmast.php', 1, 1, 1, 1, 5, '', 5, ''),
('SUPERVISOR', '06', 'PURCHASE BILL', 'T', 'purc.php', 1, 1, 1, 1, 6, 'P11', 6, ''),
('SUPERVISOR', '07', 'SALE BILL', 'T', 'sale.php', 1, 1, 1, 1, 7, 'S11', 7, ''),
('SUPERVISOR', '08', 'STOCK REPORT', 'R', 'stkrpt.php', 1, 1, 1, 1, 8, '', 8, ''),
('supervisor', '09', 'TRANSACTION REPORT', 'R', 'trrpt.php', 1, 1, 1, 1, 9, '', 9, '');

-- --------------------------------------------------------

--
-- Table structure for table `users`
--

CREATE TABLE `users` (
  `uname` varchar(20) NOT NULL DEFAULT '',
  `upass` varchar(20) NOT NULL DEFAULT '',
  `uid` int(11) NOT NULL,
  `opass` varchar(20) NOT NULL DEFAULT '',
  `aflg` char(1) NOT NULL DEFAULT '',
  `mflg` char(1) NOT NULL DEFAULT '',
  `dflg` char(1) NOT NULL DEFAULT '',
  `dvflg` char(1) NOT NULL
) ENGINE=InnoDB DEFAULT CHARSET=utf8mb4 COLLATE=utf8mb4_general_ci;

--
-- Dumping data for table `users`
--

INSERT INTO `users` (`uname`, `upass`, `uid`, `opass`, `aflg`, `mflg`, `dflg`, `dvflg`) VALUES
('supervisor', 'super', 1, 'SUPER@123', '', '', '', 'Y'),
('komal', 'komal', 12, '', '', '', '', ''),
('goldy', 'goldy', 13, '', '', '', '', ''),
('akshit', 'akshit', 15, '', '', '', '', '');

-- --------------------------------------------------------

--
-- Table structure for table `year`
--

CREATE TABLE `year` (
  `yymm` char(5) NOT NULL DEFAULT '',
  `datef` date NOT NULL DEFAULT '1900-01-01',
  `datet` date NOT NULL DEFAULT '1900-01-01',
  `trackno` int(11) NOT NULL
) ENGINE=InnoDB DEFAULT CHARSET=utf8mb4 COLLATE=utf8mb4_general_ci;

--
-- Dumping data for table `year`
--

INSERT INTO `year` (`yymm`, `datef`, `datet`, `trackno`) VALUES
('2223', '2022-04-01', '2023-03-31', 1);

-- --------------------------------------------------------

--
-- Structure for view `allgstcatg_view`
--
DROP TABLE IF EXISTS `allgstcatg_view`;

CREATE ALGORITHM=UNDEFINED DEFINER=`root`@`localhost` SQL SECURITY DEFINER VIEW `allgstcatg_view`  AS SELECT 'Product Master' AS `entname`, `prod`.`gsttype` AS `gsttype` FROM `prod` GROUP BY `prod`.`gsttype` ;

-- --------------------------------------------------------

--
-- Structure for view `glmast_view`
--
DROP TABLE IF EXISTS `glmast_view`;

CREATE ALGORITHM=UNDEFINED DEFINER=`root`@`localhost` SQL SECURITY DEFINER VIEW `glmast_view`  AS SELECT `a`.`glc` AS `glc`, `a`.`gln` AS `gln`, `a`.`add1` AS `add1`, `a`.`add2` AS `add2`, `a`.`add3` AS `add3`, `a`.`yob` AS `yob`, `a`.`mob` AS `mob`, `a`.`uname` AS `uname`, `a`.`trackno` AS `trackno`, `a`.`sysdt` AS `sysdt`, `a`.`dbcr` AS `dbcr`, `a`.`ctid` AS `ctid`, `a`.`pinno` AS `pinno`, `a`.`gstno` AS `gstno`, `a`.`panno` AS `panno`, `a`.`sttype` AS `sttype`, `a`.`phone` AS `phone`, `a`.`bname` AS `bname`, `a`.`brname` AS `brname`, `a`.`ifsc` AS `ifsc`, `a`.`acno` AS `acno`, `a`.`sdes` AS `sdes`, `a`.`acname` AS `acname`, `a`.`rem` AS `rem`, `a`.`sch` AS `sch`, `a`.`actype` AS `actype`, `a`.`dvflg` AS `dvflg`, `a`.`catgid` AS `catgid`, CASE WHEN `b`.`schdes` is null THEN '' ELSE `b`.`schdes` END AS `schdes`, CASE WHEN `c`.`city` is null THEN '' ELSE `c`.`city` END AS `city`, CASE WHEN `c`.`statid` is null THEN '' ELSE `c`.`statid` END AS `statid`, CASE WHEN `d`.`statdes` is null THEN '' ELSE `d`.`statdes` END AS `statdes`, CASE WHEN `e`.`catgdes` is null THEN '' ELSE `e`.`catgdes` END AS `catgdes` FROM ((((`glmast` `a` left join `schmst` `b` on(`a`.`sch` = `b`.`sch`)) left join `city` `c` on(`a`.`ctid` = `c`.`ctid`)) left join `states` `d` on(`c`.`statid` = `d`.`statid`)) left join `catgmst` `e` on(`a`.`catgid` = `e`.`catgid`)) ;

-- --------------------------------------------------------

--
-- Structure for view `prod_view`
--
DROP TABLE IF EXISTS `prod_view`;

CREATE ALGORITHM=UNDEFINED DEFINER=`root`@`localhost` SQL SECURITY DEFINER VIEW `prod_view`  AS SELECT `a`.`pcode` AS `pcode`, `a`.`pname` AS `pname`, `a`.`yob` AS `yob`, `a`.`yobamt` AS `yobamt`, `a`.`prate` AS `prate`, `a`.`srate` AS `srate`, `a`.`grp` AS `grp`, `a`.`catg` AS `catg`, `a`.`srate1` AS `srate1`, `a`.`rem` AS `rem`, `a`.`sper` AS `sper`, `a`.`glc1` AS `glc1`, `a`.`glc2` AS `glc2`, `a`.`pack` AS `pack`, `a`.`size` AS `size`, `a`.`grqty` AS `grqty`, `a`.`prdn` AS `prdn`, `a`.`thead` AS `thead`, `a`.`packing` AS `packing`, `a`.`trackno` AS `trackno`, `a`.`aflag` AS `aflag`, `a`.`adttm` AS `adttm`, `a`.`cglc` AS `cglc`, `a`.`cgln` AS `cgln`, `a`.`hsncode` AS `hsncode`, `a`.`rcflg` AS `rcflg`, `a`.`gper4` AS `gper4`, `a`.`gsttype` AS `gsttype`, `a`.`sysdt` AS `sysdt`, `a`.`uname` AS `uname`, `a`.`yr` AS `yr`, `a`.`sesno` AS `sesno`, `a`.`unid` AS `unid`, `a`.`agrp` AS `agrp`, `a`.`agdes` AS `agdes`, `a`.`cid` AS `cid`, `a`.`sgrp` AS `sgrp`, `a`.`sgdes` AS `sgdes`, `a`.`des` AS `des`, `a`.`srater1` AS `srater1`, `a`.`srater2` AS `srater2`, `a`.`minstk` AS `minstk`, `a`.`modelno` AS `modelno`, `a`.`make` AS `make`, `a`.`lflg` AS `lflg`, `a`.`srate2` AS `srate2`, `a`.`eflag` AS `eflag`, `a`.`qpp` AS `qpp`, `a`.`cqpp` AS `cqpp`, `a`.`minqty` AS `minqty`, `a`.`maxqty` AS `maxqty`, `a`.`nop` AS `nop`, `b`.`gln` AS `gln1`, `c`.`gdes` AS `gdes`, `d`.`gstdes` AS `gstdes`, `d`.`gper1` AS `gper1`, `d`.`gper2` AS `gper2`, `d`.`gper3` AS `gper3`, `d`.`gstype` AS `gstype`, `e`.`gln` AS `gln2`, `f`.`unit` AS `unit` FROM (((((`prod` `a` left join `glmast` `b` on(`a`.`glc1` = `b`.`glc`)) left join `grpmst` `c` on(`a`.`grp` = `c`.`grp`)) left join `gstcatg` `d` on(`a`.`gsttype` = `d`.`gsttype`)) left join `glmast` `e` on(`a`.`glc2` = `e`.`glc`)) left join `unitmst` `f` on(`a`.`unid` = `f`.`unid`)) ;

-- --------------------------------------------------------

--
-- Structure for view `stk1_view`
--
DROP TABLE IF EXISTS `stk1_view`;

CREATE ALGORITHM=UNDEFINED DEFINER=`root`@`localhost` SQL SECURITY DEFINER VIEW `stk1_view`  AS SELECT `prod`.`trackno` AS `trackno`, `prod`.`prate` AS `prate`, `prod`.`srate` AS `srate`, `sale`.`tc` AS `tc`, `sale`.`ser` AS `ser`, `sale`.`docno` AS `docno`, `sale`.`docdt` AS `docdt`, `prod`.`grp` AS `grp`, `sale`.`pcode` AS `pcode`, `prod`.`pname` AS `pname`, `sale`.`qty` AS `yob`, 0.00 AS `qty1`, 0.00 AS `qty2`, 0.00 AS `qty3`, 0.00 AS `qty4`, 0.00 AS `qty5`, 0.00 AS `mob`, 0.00 AS `mobamt` FROM (`sale` join `prod`) WHERE `sale`.`tc` = 'P11' AND `prod`.`pcode` = `sale`.`pcode` AND `sale`.`docdt` < `fn_mdate1`()union all select `prod`.`trackno` AS `trackno`,`prod`.`prate` AS `prate`,`prod`.`srate` AS `srate`,`sale`.`tc` AS `tc`,`sale`.`ser` AS `ser`,`sale`.`docno` AS `docno`,`sale`.`docdt` AS `docdt`,`prod`.`grp` AS `grp`,`sale`.`pcode` AS `pcode`,`prod`.`pname` AS `pname`,`sale`.`qty` * -1 AS `yob`,0.00 AS `qty1`,0.00 AS `qty2`,0.00 AS `qty3`,0.00 AS `qty4`,0.00 AS `qty5`,0.00 AS `mob`,0.00 AS `mobamt` from (`sale` join `prod`) where `sale`.`tc` = 'S11' and `prod`.`pcode` = `sale`.`pcode` and `sale`.`docdt` < `fn_mdate1`() union all select `prod`.`trackno` AS `trackno`,`prod`.`prate` AS `prate`,`prod`.`srate` AS `srate`,`sale`.`tc` AS `tc`,`sale`.`ser` AS `ser`,`sale`.`docno` AS `docno`,`sale`.`docdt` AS `docdt`,`prod`.`grp` AS `grp`,`sale`.`pcode` AS `pcode`,`prod`.`pname` AS `pname`,0.00 AS `yob`,`sale`.`qty` AS `qty1`,0.00 AS `qty2`,0.00 AS `qty3`,0.00 AS `qty4`,0.00 AS `qty5`,0.00 AS `mob`,0.00 AS `mobamt` from (`sale` join `prod`) where `sale`.`tc` = 'P11' and `prod`.`pcode` = `sale`.`pcode` and `sale`.`docdt` >= `fn_mdate1`() and `sale`.`docdt` <= `fn_mdate2`() union all select `prod`.`trackno` AS `trackno`,`prod`.`prate` AS `prate`,`prod`.`srate` AS `srate`,`sale`.`tc` AS `tc`,`sale`.`ser` AS `ser`,`sale`.`docno` AS `docno`,`sale`.`docdt` AS `docdt`,`prod`.`grp` AS `grp`,`sale`.`pcode` AS `pcode`,`prod`.`pname` AS `pname`,0.00 AS `yob`,0.00 AS `qty1`,`sale`.`qty` AS `qty2`,0.00 AS `qty3`,0.00 AS `qty4`,0.00 AS `qty5`,0.00 AS `mob`,0.00 AS `mobamt` from (`sale` join `prod`) where `sale`.`tc` = 'S11' and `prod`.`pcode` = `sale`.`pcode` and `sale`.`docdt` >= `fn_mdate1`() and `sale`.`docdt` <= `fn_mdate2`()  ;

-- --------------------------------------------------------

--
-- Structure for view `stk_view`
--
DROP TABLE IF EXISTS `stk_view`;

CREATE ALGORITHM=UNDEFINED DEFINER=`root`@`localhost` SQL SECURITY DEFINER VIEW `stk_view`  AS SELECT `stk1_view`.`grp` AS `grp`, `stk1_view`.`pcode` AS `pcode`, `stk1_view`.`pname` AS `pname`, sum(`stk1_view`.`yob`) AS `yob`, sum(`stk1_view`.`qty1`) AS `qty1`, sum(`stk1_view`.`qty2`) AS `qty2`, sum(`stk1_view`.`qty3`) AS `qty3`, sum(`stk1_view`.`qty4`) AS `qty4`, sum(`stk1_view`.`qty5`) AS `qty5` FROM `stk1_view` GROUP BY `stk1_view`.`grp`, `stk1_view`.`pcode`, `stk1_view`.`pname` ;

--
-- Indexes for dumped tables
--

--
-- Indexes for table `mainmenu`
--
ALTER TABLE `mainmenu`
  ADD PRIMARY KEY (`trackno`);

--
-- Indexes for table `userdet`
--
ALTER TABLE `userdet`
  ADD PRIMARY KEY (`trackno`);

--
-- AUTO_INCREMENT for dumped tables
--

--
-- AUTO_INCREMENT for table `mainmenu`
--
ALTER TABLE `mainmenu`
  MODIFY `trackno` int(11) NOT NULL AUTO_INCREMENT, AUTO_INCREMENT=10;

--
-- AUTO_INCREMENT for table `userdet`
--
ALTER TABLE `userdet`
  MODIFY `trackno` int(11) NOT NULL AUTO_INCREMENT, AUTO_INCREMENT=10;
COMMIT;

/*!40101 SET CHARACTER_SET_CLIENT=@OLD_CHARACTER_SET_CLIENT */;
/*!40101 SET CHARACTER_SET_RESULTS=@OLD_CHARACTER_SET_RESULTS */;
/*!40101 SET COLLATION_CONNECTION=@OLD_COLLATION_CONNECTION */;
